AMOUNT BASED ON PRODUCT SERVING SIZE ,Acute (2),Adrenal (1),B Awake (2),B-12 (1 mL),BFF (3),Black Seed (4),Bone Plus Cal (6),Brain (4),Calm (3),Chemzyme (2),Chronic (1),CNP (24 g),"Complete 
Vanilla (50g)","Complete 
Chocolate (50g)",Control (2),Cort Adrena (2),Crea-Nitric (1),Creatine (5 g),DAK1K2 (2),Defense (1),Digestion (2),D-Ribose (5 g),EFA (2),FatSugarTrim (3),Female+B (2),Opti-Female (1),"Fiber GLP-1
 (3g)",Flora (3),"Fruit & Veggie
(15g)","Fulvic 
Mineral (1 oz)",GI (2),Glandular (2),Glutathione (1),Heart (2),Iodine (1),Immune (2),Iron (1),"L-Carnitine 
(3 g)","Lean Clean
B-Day Cake (22.5g)","Lean Clean
Lava Cake (22.5g)","Lightning 
Gummies (3)",Lipolean CLA  (4),Liver Kidney (2),Longevi-D (2),Lung (2),Magnesium (3),Methyl-B (2),Mito-Force (1),Muscle Rx (10),MagnaStem (2),NADH+DIM (1),Opti Nitric (2),Oxy-Burn (1),Para (1),P-5-P (1),Protect (2),"High CFU 
Probiotic (1)",Resveratrol (3),Shrooms (2),"Sleep 
Gummies (1)","Therapeutic 
Melatonin (4mL)",Opti-T (3),Thyroid (2),Ubiquinol (1),"Vitamin 
Mineral (3)",Vitamin D3 (1),Whole C (1), Zinc (1)
5-Hydroxytryptophan (Griffona Seed),,,,,,,,,75mg,,,,,,,,,,,,,,,,,,,,,,,,,,,,,,,,,,,,,,,,,,,,,,,,,,,,,,,,,,,
Acerola Cherry Extract,,,,,,,,,,,,,,,,75 mg,,,,,,,,,,,,,,,,,,,,,,,,,,,,5 mg,,,,X,,,,,,,,,,,,,,,,,,,X,
Acerola Cherry Powder,20 mg,,,,,,,,,,,,,,,,,,,,,,,,,,,,,,,,,,,,10 mg,,,,,,,,,,,,,,,,,,,,,,,,,,,,,,,
Acetyl L-Carnitine,,,,,,,,,,,,,,,,,,,,,,,,,,,,,,,,,,,,,,3 g,,,,,,,,,,,,,,,,,,,,,,,,,,,,,,
Adrenal Gland (from Bovine),,25 mg,,,,,,,,,,,,,,,,,,,,,,,,,,,,,,,,,,,,,,,,,,,,,,,,,,,,,,,,,,,,,,,,,,
Algal Oil,,,,,,,,,,,,,,,,,,,X,,,,,,,,,,,,,,,,,,,,,,,,,,,,,,,,,,,,,,,,,,,,,,,,,
"Aloe Vera Leaf (naturally containing Copper, Zinc, Manganese)",,,,,,,,,,,,,,,,,,,,,50mg,,,,,,,,,,,,,,,,,,,,,,,,,,,,,,,,,5 mg,,,,,,,,,,,,,,
Alpha Lipoic acid,,,,,,,,,,,,,,,100 mg,,,,,,,,,,,,,,,,,,,,,,,,,,,,,,,,,50 mg,,,,,,,,,,,,,,,,,,,,
Amylase (Aspergillus Oryzae),,,,,,,,3.34 mg,,,,,,,10 mg,,,,,,50mg (4250 DU),,,,,,,,,,,,,,,,,,,,,,,,,,,,,,,,,,,,,,,,,,,,,,,
Anhyrdrous Citric Acid,,,,,,,,,,,,,,,,,,,,,,,,,,,,,,,,,760 mg,,,,,,,,,,,,,,,,,,,,,,,,,,,,,,,,,,,
Ascorbyl Palmitate,,,,,,,,,,,,,,,,,,,,,,,,,,,,,,,,,,,,,,,,,,,,,,,,,,,,,,,,,,,,,,,,x,,,,
Ashwaganda Extract,,,,,,,,,,,,,,,,130 mg,,,,,,,,,,,,,,,,,,,,,,,,,,,,,,,,,,,,,,,,,,,,,,,,,,,,
Astragalus Root Powder,,,,,,,,,,,,,,,,,,,,18.75 mg,,,,,,,,,,,,,,,,80 mg,,,,,,,,,,,,,,,,,,,,,,,,,,,,,,,,
Bacopa Monnieri Extract,,,,,,,,40 mg,,,,,,,,,,,,,,,,,,,,,,,,,,,,,,,,,,,,,,,,,,,,,,,,,,,,,,,,,,,,
Barberry (root),,,,,,,,,,,,,,,,,,,,,,,,,,,,,,,,,,,,,,,,,,,200 mg,,,,,,,,,,,,,,,,,,,,,,,,,
Barley Grass Juice (Hordeum vulgare),,,,,,,,,,,,,,,,,,,,,,,,,,,,,,,,,,,,,,,,,,,,,,,,,,,,,,,,,,,,,,,,,75 mg,,,
Berberine HCl,,,,,,,,,,,,,,,250 mg,,,,,,,,,,,,,,,,,,,,,,,,,,,,,,,,,,,,,,,,,,,,,,,,,,,,,
Beta Glucan,,,,,,,,,,,,,,,,,,,,"3.75 mg 
(3 mg Beta Glucan)",,,,,,,,,,,,,,,,50 mg,,,,,,,,,,,,,,,,,,,,,,,,,,,,,,,,
Betaine HCL,,,,,,,,,,,,,,,,,,,,,,,,,,,,,,,,,,,,,,,,,,,,,,,,,,,,,,,,,,,,,,,75 mg,,,,,
Billberry Extract (Fruit),,,,,,,,40 mg,,,,,,,,,,,,,,,,,,,,,,,,,,,,,,,,,,,,,,,,,,,,,,,,,,,,,,,,,,,,
Black Cohosh Root,,,,,,,,,,,,,,,,,,,,,,,,,,,,,,,,,,,,,,,,,,,,,5 mg,,,,,,,,,,,,,,,,,,,,,,,
Black Currant Fruit Powder,,,,,,,,,,,,,,,,,,,,,,,,,,,,,,,,,,,,,,,,,,,,,,,,,,,,,,,,,,,,,,,,,,,5 mg,
Black Seed Oil ,,,,,,2000mg,,,,,,,,,,,,,,,,,,,,,,,,,,,,,,,,,,,,,,,,,,,,,,,,,,,,,,,,,,,,,,
Black Walnut Hull,,,,,,,,,,,,,,,,,,,,,,,,,,,,,,,,,,,,,,,,,,,,,,,,,,,,,,50 mg,,,,,,,,,,,,,,
Bladderwrack Powder,,,,,,,,,,,,,,,500 mg,,,,,,,,,,,,,,,,,,,,,,,,,,,,,,,,,,,,,,,,,,,,,,,,,,,,,
Bone Gelatin (from Bovine),,,,,,X,,,,,,,,,,,,,,,,,,,,,,,,,,,,,,,,,,,,,,,,,,,,,,,,,,,,,,,,,,,,,,
Boron (as Boron Citrate),,,,,,,,2 mg,,,,,,,,,,,,,,,,,,,,,,,,,,,,,,,,,,,,,,,,,,,,,,,,,,,,,,,,,,,,
Boron (as Bororganic glycine),,,,,,,,,,,,,,,,6 mg,,,,,,,,,,,,,,,,,,,,,,,,,,,,,,,,,,,,,,,,,,,,,,15 mg,,,,,,
Bovine Glandular Powder,,,,,,,,,,,,,,,,,,,,,,,,,,,,,,,,,,,,,,,,,,,,,,,,,,,,,,,,,,,,,,,100 mg,,,,,
"Branch Chain Amino Acids (from Leucine, Isoleucine, Valine)",,,,,,,,,,,,,,,,,,,,,,,,,,,,,,,,,,,,,,,,,,,,,,,,,1900 mg,,,,,,,,,,,,,,,,,,,
Broccoli Extract ,,,,,,,,,,,,,,,,80 mg,,,,,,,,,,,,,,,,,,,,,,,,,,,,,,,,,,,,,,,,,,,,,,,,,,,,
Bromelain,,,,,,,,,,,,,,,,,,,,,,,,,,,,,,,,,,,,,,,,,,,,,,,,,,,,,,18 mg,,,,,,,,,,,,,,
Caffeine Anhydrous,,,,,90mg,,,,,,,,,,,,,,,,,,,,,,,,,,,,,,,,,,,,,,,,,,,,,,,,175 mg,,,,,,,,,,,,,,,
Calcium,,,,,,,,,,,,,,,,,,,,,,,,,,,,,,,,,,,,,,,78mg,82 mg,,,,,,,,,,,,,,,,,,,,,,,,,,,,
Calcium (as Calcium Amino Acid Chelate),,,,,,,,,,,,,20.67 mg,20.67 mg,,,,,,,,,,,,,,,,,,,,,,,,,,,,,,,,,,,,,,,,,,,,,,,,,,,,,,
Calcium (as Calcium Bisglycinate Chelate),,,,,,,,,,,,,,,,,,,,,,,,,,,,,,,,,,,,X,,,,,,,,,,,,,"83 mg
15 mg Calcium
<2% DV",,,,,,,,,,,,,,,,0.54 mg,,,
Calcium (as Calcium Carbonate),,,,,,,,20 mg,,,,,,,,,,,,,,,,,,,,,,,,,,,,,,,,,,,,,,,,,,,,,,,,,,,,,,,,,386.41 mg,,,
Calcium (as Calcium Citrate),,,,,,,,,,,,,,,,,,,,,,,,,,,,,,,,,,,,,,,,,,,,,16mg,,,,,,,36mg,,,,,,,,,,,25 mg,,,,,
Calcium (as Calcium Malate),,,,,,,,,,,,,,,,,,,,,,,,,,,,,,,,,,,,,,,,,,,,,,,,,,,,,,,,,,,,,,,,,13.05 mg,,,
Calcium (as Dicalcium Malate),,,,,,,,,,,,,133.4 mg,133.4 mg,,,,,,,,,,,,,,,,,,,,,,,,,,,,,,,,,,,,,,,,,,,,,,,,,,,,,,
"Calcium Blend: Calcium Aminomin, Calcium Bisglycinate Chelate",,,,,,,1000 mg,,,,,,,,,,,,,,,,,,,,,,,,,,,,,,,,,,,,,,,,,,,,,,,,,,,,,,,,,,,,,
"Calm Blend: (Chamomile Flower (Matricaria chamomilla), Passionflower (Passiflora incarnata), Lemon Balm Aerial 4:1 (Melissa officinalis), Hops Flower Extract 4:1 (Humulus lupulus))",,,,,,,,,240mg,,,,,,,,,,,,,,,,,,,,,,,,,,,,,,,,,,,,,,,,,,,,,,,,,,,,,,,,,,,
Canola Oil Powder,,,,,,,,,,,,,293.33 mg,293.33 mg,,,,,,,,,,,,,,,,,,,,,,,,,,,,,,,,,,,,,,,,,,,,,,,,,,,,,,
Caramel,,,,,,,,,,,,,,,,,,,,,,,,,,,,,,,,,,,,,,,,,,,,,,,,,,,,,,,,,,,,,,,,x,,,,
Carrot Powder,,,,,,,,,,,,,,,,,,,,,,,,,,,,,,,,,,,,,10 mg,,,,,,,,,,,,,,,,,,,,,,,,,,,,,,,
Catalase,,,,,,,,,,,,,,,,,,,,,,,,,,,,,,,,,,,,,,,,,,,,,,,,"1 mg
170 CatU",,,,,,,,,,,,,,,,,,,,
Cellulose,,X,,,,,,,,,,,,,X,,,,,,,,,,,,,,,,,,,X,,,,,,,,,,,,,,,,,,,,,,X,X,,,,,,X,,,X,,X
Chaste Tree Berry,,,,,,,,,,,,,,,,,,,,,,,,,160 mg,40 mg,,,,,,,,,,,,,,,,,,,,,,,,,,,,,,,,,,,,,,,,,,
Chlorella,,50 mg,,,,,,,,,,,,,,,,,,,,,,,,,,,,,,,,,,,,,,,,,,,,,,,,,,,,,,,,,,,,,,,,,,
Chloride,,,,,,,,,,,,,,,,,,,,,,,,,,,,,,,,,,,,,,,70mg,70 mg,,,,,,,,,,,,,,,,,,,,,,,,,,,,
Chocolate Natural and Artificial Flavors (Proprietary Formula),,,,,,,,,,,,,,2000.01 mg,,,,,,,,,,,,,,,,,,,,,,,,,,,,,,,,,,,,,,,,,,,,,,,,,,,,,,
Choline (as Choline Bitartrate),,,,,,,,40 mg,,,,,,,,,,,,,,,,,,,,,,,,,,,,,,,,,,,,,,,"30 mg 
(12.3 Choline)",,,,,,,,,,,,,,,,100 mg,,,,,
Chondroitin Sulfate (Bovine Powder),,,,,,,,,,,50 mg,,,,500 mg,,,,,,,,,,,,,,,,,,,,,,,,,,,,,,,,,,,,,,,,,,,,,,,,,,,,,
Chromium,,,,,,,,,,,,,,,,,,,,,,,,,,,,,,,,,,,,,,,,,35 mcg,,,,,,,,,,,,,,,,,,,,,,,,,,,
Chromium (as  Nicotinate Glycinate Chelate),,,,,,,,,,,,,,,,40mcg,,,,,,,,100 mcg,,,,,,,,,,,,,,,,,,,,,,,,,,,,,,,,,,,,,,,,,150 mcg,,,
Chromium (as amino acid chelate),,50 mcg,,,,,,,,,,,80mcg,80mcg,,,,,,,,,,,,,,,,,,,,,,,,,,,,,,,,,,,,,,,,,,,,,,,,,,,,,,
Chromium (as Chromium Picolate),,,,,,,,12 mcg,,,,,,,,,,,,,,,,,,,,,,,,,,,,,,,,,,,,,,,,,,,,,,,,,,,,,,,,,,,,
Chromium (as Chromium Polynicotinate and Chromium Nicotinate Glycinate Chelate),,,,,,,,,,,,,,,,,,,,,,,,,,,,,,,,,,,,,,,,,,,,,,,,,500 mcg,,,,,,,,,,,,,,,,,,,
Cinamon Bark Extract,,,,,,,,40 mg,,,,,,,,,,,,,,,,,,,,,,,,,,,,,,,,,,,,,,,,,,,,,,,,,,,,,,,,,,,,
Citric acid,,,,X,,,,,,,,,,,,,,,,,,,,,,,,,,,,,,,,,,,,,,,,,,,,,,,,,,,,,,,,X,,,,,,,,x
Citrus Bioflavonoids,,225 mg,,,,,,,,,,,,,,,,,,,,,,,,,,,,,,,,,,,,,,,,,,,,,,,,,,,,,,,,,,,,,,,,,25 mg,
CLA from Safflower oil (Carthamus Tincorius),,,,,,,,,,,,,,,,,,,,,,,,,,,,,,,,,,,,,,,,,,"4,000 mg",,,,,,,,,,,,,,,,,,,,,,,,,,
Clove Flower ,,,,,,,,,,,,,,,,,,,,,,,,,,,,,,,,,,,,,,,,,,,,,,,,,,,,,,50 mg,,,,,,,,,,,,,,
"CNP formula (Brown Rice Protein, Bananna, Appla Fiber, Carrot Fiber, Amaranth, Millet, Quinoa, Buckwheat, Flaxseed, Vanilla Flavor, Spinach, Blueberry Fiber, Cranberry Fiber, Mango, Pineapple, Stevia Extract, Chia, Carrot, Green Coffee Bean Extract, Green Tea Extrat, Broccoli Sprout, Onion Extract, Apple Extract, Maltodextrin, Quercetin Extract, Silica, Tomato, Brocolli, Camu Camu Juice Extract, Acerola Juice Concentrate, Acai, Basil, Garlic, Oregano, Turmeric, Cinnamon, Elderberry, Mangosteen, Black Currant Extract, Blueberry Extract, Sweet Cherry, Raspberry, Chokeberry, Blackberry, Kale, Beet Juice, Daikon Radish Sprout, Alfalfa Sprout, Sunflower Lecithin, Bilberry Extract, Bussels Sprout) ",,,,,,,,,,,,24 g,,,,,,,,,,,,,,,,,,,,,,,,,,,,,,,,,,,,,,,,,,,,,,,,,,,,,,,,
Cocoa Powder,,,,,,,,,,,,,,,,,,,,,,,,,,,,,,,,,,,,,,,,X,,,,,,,,,,,,,,,,,,,,,,,,,,,,
Collogen Peptides,,,,,,,,,,,,,,,,,,,,,,,,,,,,,,,,,,,,,,,5000mg,5000 mg,,,,,,,,,,,,,,,,,,,,,,,,,,,,
Color,,,,,,,,,,,,,,,,,,,,,,,,,,,,,,,,,3 mg,,,,,,,,,,,,,,,,,,,,,,,,,,,,,,,,,,,
Color (FD&C Red #40),,,,,,,,,,,,,,,,,,,,,,,,,,,,,,,,,,,,,,,,,,,,,,,,,,,,,X,,,,,,,,,,,,,,,
Colostrum (Milk) (10% lgG),,,,,,,,,,,,,,,,,,,,18.75 mg,,,,,,,,,,,"100 mg 
10 mg IgG",,,,,,,,,,,,,,,,,,,,,,,,,,,,,,,,,,,,,
Copper ,,,,,,,,,,,,,,,,,,,,,,,,,,,,,,,x,,,,,,,,,,,,,,,,,X,,,,,,,,,,,,,,,,,,,,
Copper (as Copper Amino Acid Chelate),,,,,,,,,,,,,1.25 mg,1.25mg,,,,,,,,,,,,,,,,,,,,,,,,,,,,,,,,,,,,,,,,,,,,,,,,,,,,,,
Copper (as Copper Bisglycinate Chelate),,,,,,,78 mcg,,<2% DV,,X,,,,,,,,,1.125 mcg,,,,75 mcg,X,,,,,,,,,,,,,,,,,,50 mcg,,,,,,,,,,,,,,,,,,,0.126 mg,,,,,,
Copper (as Copper Gluconate),1 mg,,,,,,,52 mcg,,,,,,,,26 mcg,,,,,,,,,,,,10.92 mg,,,,,,,,,<2% DV,,,,,,,,,,,,,,,,,,,,,,,,,,,,1.95 mg,,,
CoQ10 Ubiquinol,,,,,,,,,,,,,,,,,,,,,,,,,,,,,,,,,,15 mg,,,,,,,,,,30 mg,,,,,,,,,,,,,,,,,,,,,,,,
Cordyceps Sinensis powder (Mycelium),,,,,,,,,,,,,,,,,,,,,,,,,,,,,,,,,,,,,,,,,,,,,,,,,,,,,,,,,,,266 mg,,,,,,,,,
Creatine MagnaPower 8%,,,,,,,,,,,,,,,,,,,,,,,,,,,,,,,,,,,,,,,,,,,,,,,,,1250 mg,,,,,,,,,,,,,,,,,,,
Creatine Monohydrate,,,,,,,,,,,,,,,,,,5 g,,,,,,,,,,,,,,,,,,,,,,,,,,,,,,,2597 mg,,,,,,,,,,,,,,,,,,,
Creatine Nitrate,,,,,3000 mg,,,,,,,,,,,,850 mg,,,,,,,    ,,,,,,,,,,,,,,,,,,,,,,,,,,,,,,,,,,,,,,,,,,,,
D-Ribose,,,,,,,,,,,,,,,,,,,,,,5g,,,,,,,,,,,,,,,,,,,,,,,,,,,,,200mg,,,,,,,,,,,,,,,,,
Damiona Leaf,,,,,,,,,,,,,,,,,,,,,,,,,90 mg,22.5 mg,,,,,,,,,,,,,,,,,,,,,,,,,,,,,,,,,,,,,,,,,,
Dandelion (root),,,,,,,,,,,,,,,,,,,,,,,,,,,,,,,,,,,,,,,,,,,200 mg,,,,,,,,,,,,,,,,,,,,,,,,,
Dextrose,,,,,,,,,,,,,13589.74 mg,3140.49 mg,,,,,,,,,,,,,,,,,,,,,,,,,,,,,,,,,,,,,,,,,,,,,,,,,,,,,,
DHA (Docosahexaenoic acid) powder,,,,,,,,2 mg,,,,,,,,,,,,,,,,,,,,,,,,,,,,,,,,,,,,,,,,,,,,,,,,,,,,,,,,,,,,
"DigeSEB (Digestive Enzyme Blend): Amylases, Lactase, Proteases, Lipase, Cellulase. 
",,,,,,,,,,,,,,,,,,,,,,,,,,,,,,,,,,,,,,,25mg,25 mg,,,,,,,,,,,,,,,,,,,,,,,,,,,,
Diindolylmethane,,,,,,,,,,,,,,,,,,,,,,,,,,,,,,,,,,,,,,,,,,,,,,,,,,,200mg,,,,,,,,,,,,,,,,,
DMAE (Dimethylaminoethanol) Bitartrate,,,,,,,,124 mg,,,,,,,,,,,,,,,,,,,,,,,,,,,,,,,,,,,,,,,,,,,,,,,,,,,,,,,,,,,,
Dong Quai Powder,,,,,,,,,,,,,,,,,,,,,,,,,180 mg,45 mg,,,,,,,,,,,,,,,,,,,,,,,,,,,,,,,,,,,,,,,,,,
Dutch Cocoa,,,,,,,,,,,,,,7333.37 mg,,,,,,,,,,,,,,,,,,,,,,,,,,,,,,,,,,,,,,,,,,,,,,,,,,,,,,
Echinacea pupurea,,,,,,,,,,,,,,,,,,,,37.5 mg,,,,,,,,,,,,,,,,,,,,,,,,,,,,,,,,,,,,,,,,,,,,,,,,
Eleuthero (Siberian Ginseng) Root,,,,,,,,,,,,,,,,,,,,,,,,,180 mg,45 mg,,,,,,,,,,,,,,,,,,,,,,,,,,,,,,,,,,,,,,,,,,
"Enzyme Blend: Amylase, Protease, Peptidase, Lipase, Invertase, Cellulase, Lactase, Maltase",,,,,,,,,,,,,16.67mg,16.67mg,,,,,,,,,,,,,,,,,,,,,,,,,,,,,,,,,,,,,,,,,,,,,,,,,,,,,,
Fructooligosaccharides (from Jerusalem Artichoke),,,,,,,,,,,,,,,,,,,,,,,,,,,,75 mg,,,,,,,,,,,,,,,,,,,,,,,,,,,,,,,,,,,,,,,,
"Fruit & Veggie Blend Summit:

(Wild Blueberry, Apple, Raspberry, Strawberry, Oat Bran, Silica, Bilberry, Blackberry, Carrot, Tart Cherry, Cranberry, Red Grape, Orange Peel, Red Pepper, Cinnamin, Beet, Black Currant, Broccoli, Cucumber, Pomegranate, Okra, Wild Yam.) ",,,,,,,,,,,,,,,,,,,,,,,,,,,,,,,,,,,,,,,,,,,,,,,,,,100 mg,,,,,,,,,,,,,,,,,,
"Fruit and Veggie Blend Future Ceuticals: 

Fruits: Banana, Pineapple, Strawberry, Apple Extract, Camu Camu Juice Concentrate, Raspberry, Acerola Juice Concentrate, Noni, Acai, Wild Blueberry, Cranberry, Blackberry, Acai Juice, Tart Cherry, Pomegranate, Elderberry, Mangosteen, Blueberry Extract, Black Currant Extract, Sweet Cherry, Aronia, Blackberry, Watermelon Juice Concentrate, Bilberry Extract.
Vegetables/Herbs: Cauliflower, Stevia Extract, Green Coffee Bean Extract, Green Tea Extract, Brocolli Sprout, Onion Extract, Quercitin Extract, Carrot, Tomato, Brocolli, Turmeric, Garlic, Basil, Oregeno, Cinnamon, Spinach, Kale, Bussels Sprouts.
Flavoring: Natural Pineapple Flavor, Natural Banana Flavor, Artificial Watermelon Flavor.
Other: Silica, Maltodextrin, Citric Acid, Xylitol, Tricalcium Phosphate, Corn Starch, Red Food Color  ",,,,,600 mg,,,,,,,,,,,,,,,,,,,,,6.535 mg,,,15 g,,,,,,,,,,,,,,,,,,,,,,,,,,,,,,,,,,,,,,,
Fuctooligosaccharide,,,,,,,,,,,,,,,,,,,,,,,,,,,3 g,,,,,,,,,,,,,,,,,,,,,,,,,,,,,,X,,,,,,,,,,,
Fulvic Ionic Mineral Complex,,,,,,,,,,,,,,,,,,,,,,,,,,,,,,413 mg,,,,,,,,,,,,,,,,,,,,,,,,,,,,,,,,,,,,,,
GABA (Gamma Amino Butyric Acid),,,,,,,,40 mg,,,,,,,,,,,,,,,,,,,,,,,,,,,,,,,,,,,,,,,,,,,,,,,,,,,,,,,,,,,,
Garlic Bulb,,,,,,,,,,,,,,,,,,,,,,,,150 mg,,,,,,,,,,,,,,,,,,,,,,,,,,,,,,50 mg,,,,,,,,,,,,,,
Gelatin ,,,,,,,,,,,X,,,,X,,X,,X,,,,,,,,,,,,,X,,,,X,,,,,,,,,,,,,,,,,X,,,,,,,,,,,X,,,,X
Ginger Root,50 mg,,,,,,,,,,,,,,,,,,,,,,,,,,,,,,,,,,,,,,,,,,,,25mg,,,,,,,,,,,,,,,,,,,,,,,
Ginseng,,,,,,,,,,,,,,,,,,,,,,,,,,,,,,,,,,,,,,,,,,,,,20mg,,,,,,,,,,,,,,,,,,,,,,,
"Glandular/ENZYME Blend: 
Bovine Spleen, Bovine Adrenal, Bovine Thymus, Bovine Pituitary, and  
Enzyme Blend ",,100 mg,,,,,,,,,,,,,,,,,,,,,,,,,,,,,,500 mg,,100 mg,,,,,,,,,,,100 mg,,,,,,,,,,,,,,,,,,100 mg,,,,,
Glucomannan 95% (amorphophallus konjac) (root),,,,,,,,,,,,,,,,,,,,,,,,,,,,,,,,,,,,,,,,,,,,,,,,,,,,,125 mg,,,,,,,,,,,,,,,
Glucosamine HCL,,,,,,,,,,,250 mg,,,,,,,,,,,,,,,,,,,,,,,,,,,,,,,,,,,,,,,,,,,,,,,,,,,,,,,,,
Glucosamine Sulfate Potassium 2KCL,,,,,,,,,,,450 mg,,,,,,,,,,,,,,,,,,,,,,,,,,,,,,,,,,,,,,,,,,,,,,,,,,,,,,,,,
Glutamic Acid ,,,,,,,,40 mg,,,,,,,,,,,,,,,,,,,,,,,,,,,,,,,,,,,,,,,,,,,,,,,,,,,,,,,20 mg,,,,,
Glutamine,,,,,,,,,,,,,,,,,,,,,,,,,,,,,,,,,,,,,,,,,,,,,,,,,,,,,,,,,,,,,,,,,,,,
Glutathione,,,,,,,,,,,,,,,,,,,,,,,,,,,,,,,,,500 mg,,,,,,,,,,,,,,,,,,,,,,,,,,,,,,,,,,,
Glycerine,,,,X,,X,,,,,,,,,,,,,,,,,,,,,,,,,,,,,,,,,,,,,,,,,,,,,,,,,,,,,,,,,,x,,,,
Glycine,,,,,,,,,,,,,,,,,,,,,,,,,,,,,,,,,,,,,,,,,,,,,10 mg,,,,,,,,,,,,,,,,,,,,,,,
Graepfruit (Fruit) Powder,,,,,,,,,,,,,,,,,,,,,,,,,,,,,,,,,,,,,,,,,,,,,,,,,,,,,,,,,,,,,,,,,,,5 mg,
Grape Extract (Seed),,1 mg,,,,,,40 mg,,,,,,,,,,,,,,,,,,,,,,,,,,,,,,,,,,,,,,,,20 mg,,,,,,,,,,225 mg,,,,,,,,,,
Grape Extract (Skin),,,,,,,,,,,,,,,,,,,,,,,,,,,,,,,,,,,,,,,,,,,,,,,,20 mg,,,,,,,,,,,,,,,,,,,,
Grapefruit Extract ,,,,,,,,,,,,,,,,,,,,,,,,,,,,,,,,,,,,,,,,,,,,,,,,,,,,,,50 mg,,,,,,,,,,,,,,
Grapefruit Extract (Seed),,,,,,,,40 mg,,,,,,,,,,,,,,,,,,,,,,,,,,,,,,,,,,,,,,,,,,,,,,,,,,,,,,,,,,,,
Grassfed Whey Protein Isolate,,,,,,,,,,,,,,,,,,,,,,,,,,,,,,,,,,,,,,,"16,667mg","16,667 mg",,,,,,,,,,,,,,,,,,,,,,,,,,,,
Green Tea Extract (Leaf),,,,,,,,40 mg,,,,,,,,,,,,,,,,,,,,,,,,,,,,,,,,,,,,,,,,,,,,,,,,125 mg,,,,,,,,,,,,
Green Tea Powder,,,,,9 mg,,,,,,,,,,,,,,,,,,,,,,,,,,,,,,,,,,,,,,,,,,,,,,,,,,,,,,,,,,,,,,,
Hawthorn Extract (Crataegus Oxyacantha) (Leaf and flower) 1.8% Vitexin,,,,,,,,,,,,,,,,,,,,,,,,,,,,,,,,,,50 mg,,,,,,,,,,,,,,,,,,,,,,,,,,,,,,,,,,
Heart (from bovine) (Argentina),,,,,,,,,,,,,,,,,,,,,,,,,,,,,,,,,,100 mg,,,,,,,,,,,,,,,,,,,,,,,,,,,,,,,,,,
Holy Basil (Ocimum tenuiflorum),,,,,,,,,,,,,,,,20 mg,,,,,,,,,,,,,,,,,,,,,,,,,,,,,,,,,,,,,,,,,,,,,,,,,,,,
Huperzine A (from Huperzia Serrata Aerial Extract),,,,,,,,0.02 mg,,,,,,,,,,,,,,,,,,,,,,,,,,,,,,,,,,,,,,,,,,,,,,,,,,,,,,,,,,,,
Hypromellose (Plant Cellulose & Water),X,,,,,,X,X,X,X,,,,,,X,,,,X,X,,,X,,,,X,,,x,,,,X,,X,,,,,,X,X,,X,x,x,x,X,,,,x,,,,x,,,,x,,,x,,,
"Immune Complex Blend:  (Anise Seed, Elderberry Extract, Green Tea Extract, Maitake Mushroom, Olive leaf Extract, Oregano Leaf, Shitake Mushroom,Tumeric Root, Licorice DGL, Lemon Balm Extract)",,,,,,,,,,,,,,,,,,,,65.25 mg,,,,,,,,,,,,,,,,,,,,,,,,,,,,,,,,,,,,,,,,,,,,,,,,
Inositol,,,,,,,,40 mg,,,,,,,,,,,,,,,,,,,,,,,,,,,,,,,,,,,,,,,,,,2 mg,,,,,,,,,,,,,,,,,,
Inulin,,,,,,,,,,,,,,,,,,,,,,,,,,,,,,,,,20 mg,,,,,,,,,,,,,,,,,,,,,,,,,,,,,,,,,,,
Invertase (Saccharomyces cerevisiae),,,,,,,,,,,,,,,,,,,,,1mg (170 SU),,,,,,,,,,,,,,,,,,,,,,,,,,,,,,,,,,,,,,,,,,,,,,,
Iodine (as Potassium Iodide),,,,,,,,,,,,,764 mcg,764 mcg,,,,,,,,,,,,,,,,,,,,,"10 mg
7500 mcg Iodine",,,,,,,,,,,,,,,,,,,,,,,,,,,,,,,,,
Iodine (from kelp) ,,,,,,,,,,,,,,,,,,,,,,,,,,,,,,,,,,,,,,,,,,,,,40 mcg,,,,,,,,,,,,,,,,,,50 mcg,,,,,
Ipriflavone,,,,,,,300 mg,,,,,,,,,,,,,,,,,,,,,,,,,,,,,,,,,,,,,,,,,,,,,,,,,,,,,,,,,,,,,
Iron,,,,,,,,,,,,,,,,,,,,,,,,,,,,,,,,,,,,,,,0.18mg,1.4 mg,,,,,,,,,,,,,,,,,,,,,,,,,,,,
Iron (as Ferrous Fumarate) ,,,,,,,,1 mg,,,,,,,,,,,,,,,,,,,,,,,,,,,,,,,,,,,,,,,,,,,,,,,,,,,,,,,,,,,,
Iron (as Iron Glycinate Chelate),,,,,,,,,,,,,,,,,,,,,,,,,,,,,,,,,,,,,,,,,,,,,,,,,,,,,,,,,,,,,,,,,18.24 mg,,,
Kelp Powder,,,,,,,,,,,,,,,,,,,,,,,,,2 mg,0.5 mg,,,,,,,,,"10 mg
<1% Iodine",,,,,,,,,,,,,,,100 mg,,,,,,,,,,,,,,,30 mg,,,
Kola Nut Extract 5% (Cola acuminata) Seed,,,,,,,,,,,,,,,,,,,,,,,,,,,,,,,,,,,,,,,,,,,,,,,,,,,,,6 mg,,,,,,,,,,,,,,,
L-Arginine ,,,,,,,,,,,,,,,,,,,,,,,,,,,,,,,,,,50 mg,,,,,,,,,,,,,,,,,,400 mg,,,,,,,,,,,,,,,,
L-Arginine AKG,,,,,,,,,,,,,,,,,,,,,,,,,,,,,,,,,,,,,,,,,,,,,,,,,,,,400,,,,,,,,,,,,,,,,
L-Carnitine Base,,,,,,,,,,,,,,,,,,,,,,,,,,,,,,,,,,,,,,,,,,,,,,,,10 mg,,,,,1 mg,,,,,,,,,,,,,,,
L-Carnitine Fumarate,,,,,,,,,,,,,,,,,,,,,,,,,,,,,,,,,,20 mg,,,,,,,,,,,,,,,,,,,,,,,,,,,,,,,,,,
L-Citruelline HCL,,,,,,,,,,,,,,,,,,,,,,,,,,,,,,,,,,,,,,,,,,,,,,,,,,,,200,,,,,,,,,,,,,,,,
L-Citruelline Malate,,,,,,,,,,,,,,,,,,,,,,,,,,,,,,,,,,,,,,,,,,,,,,,,,,,,200,,,,,,,,,,,,,,,,
L-Cysteine HCL Monohydrate,,,,,,,,,,,,,,,,,,,,,,,,,,,,,,,,,,,,,,,,,,,,,20 mg,,,,,,,,,,,,,,,,,,,,,,,
L-Glutamine,,,,,,,,40 mg,,,,,,,,,,,,,,,,,,,,,,,,,,,,,,,,,,,,,,,,,,,,,,,,,,,,,,,,,,,,
L-Leucine ,,,,,,,,,,,,,,,,,,,,,,,,,,,,,,,,,,,,,,,,,,,,,,,,,,,,,,,,,X,,,,,,,,,,,
L-Ornithine ,,,,,,,,,,,,,,,,,,,,,,,,,,,,,,,,,,,,,,,,,,,,,,,,,,,,40,,,,,,,,,,,,,,,,
L-Tryptophan ,,,,,,,,,300 mg,,,,,,,,,,,,,,,,,,,,,,,,,,,,,,,,,,,,,,,,,,,,,,,,,,,,,,,,,,,
L-Tyrosine,,175 mg,,,,,,,,,,,,,,15 mg,,,,,,,,,,,,,,,,,,,,,,,,,,,,,25 mg,,,,,,,,,,,,,,,,,,50 mg,,,,,
Lemon Bioflavonoids,,,,,,,,,,,,,,,,,,,,,,,,,,,,,,,,,,,,,,,,,,,,,,,,,,,,,,,,,,,,,,,,,,,,
Licorice Root DGL,,,,,,,,,,,,,,,,30 mg,,,,,,,,,,,,,,,,,,,,,,,,,,,,,,,,,,,,,,,,,,,,,,,,,,,,
Licorice Root Extract,,,,,,,,,,,,,,,,,,,,,,,,,20 mg,4.5 mg,,,,,,,,,,,,,,,,,,,,,,,,,,,,,,,,,,,,,,,,,,
Lion's Mane (Fruit) ,,,,,,,,,,,,,,,,,,,,,,,,,,,,,,,,,,,,,,,,,,,,,,,,,,,,,,,,,,,266 mg,,,,,,,,,
Lipase,,,,,,,,3.34 mg,,,,,,,,,,,,,,,,"9 mg 
229.5 FIP",,,,,,,,,,,,,,,,,,,4 mg /102 FIP,,,,,,,,,,,,,,,,,,,,,,,,,
Lotus Leaf,,,,,,,,,,,,,,,,,,,,,,,,,,,,,,,,,,,,,,,,,,,,,50 mg,,,,,,,,,,,,,,,,,,,,,,,
Lung (From Bovine),,,,,,,,,,,,,,,,,,,,,,,,,,,,,,,,,,,,,,,,,,,,,250 mg,,,,,,,,,,,,,,,,,,,,,,,
Lutein ,,,,,,,,,,,,,,,,,,,,,,,,,,,,,,,,,,,,,,,,,,,,,,,,,,,,,,,,10 mg,,,,,,,,,,,,
Luteolin,,,,,,,,,,,,,,,,,,,,,,,,,,,,,,,,,,,,,,,,,,,,,,,,,,,,,,,,50 mg,,,,,,,,,,,,
Lycopene,,,,,,,,,,,,,,,,,,,,,,,,,,,,,,,,,,,,,,,,,,,,,,,,,,,,,,,,15 mg,,,,,,,,,,,,
Lymph Powder (from Bovine),,,,,,,,,,,,,,,,,,,,,,,,,,,,,,,,,,,,20 mg,,,,,,,,,,,,,,,,,,,,,,,,,,,,,,,,
Magnesium (Amino Acid Chelate),,,,,,,,,,,,,7.34 mg,7.34 mg,,,,,,,,,,,,,,,,,,,,,,,,,,,,,,,,,,,,,,,,,,,,,,,,,,,,,,
"Magnesium (as Creatine MagnaPower, Magnesium Glycinate Glutamine Chelate, Magnesium Glycinate Chelate Buffered) ",,,,,,,,,,,,,,,,,,,,,,,,,,,,,,,,,,,,,,,,,,,,,,,,,200 mg,,,,,,,,,,,,,,,,,,,
Magnesium (as Magnesium Aspartate),,,,,,,,,15mg,,,,,,,,,,,,,,,,,,,,,,,,,,,,,,,,,,,,,,,,,,,,,,,,,,,,,,,,,,,
Magnesium (as Magnesium Bisglycinate Chelate buffered),,,,,,,,,,,,,,,,25 mg,,,,,,,,,,,,,,,,,,,,,,,,,,,,,,,,,,,,,,,,,,,,,,,,,0.54 mg,,,
Magnesium (as Magnesium Bisglycinate Glutamine),,,,,,,,,,,,,,,,,,,,,,,,,,,,,,,,,,,,,,,,,,,,,,,,,,,,,,,,,,,,,,,,,,,,
Magnesium (as Magnesium Bisglycinate) ,,,,,,,,,,,,,,,,,,,,,,,,,,,,,,,,,,,,40 mg,,,,,,,,,,,,,,,,,,,,,,,,,,,,,,,,
Magnesium (as Magnesium Citrate) ,,45 mg,,,,,,,,,,,,,,,,,,,,,,,,,,,,,,,,20  mg,,,,,,,,,,,,,,,,,,,,,,,,,,,,,,,,,,
Magnesium (as Magnesium Glycinate Chelate) ,,,,,,,,,,,,,,,,,,,,,,,,,,,,,,,,,,,,,,,,,,,,,8 mg,,,,,,,,,,,,,,,,,,,,,,,
Magnesium (as Magnesium Glycinate Glutamine Chelate),,,,,,,,,,,,,66.67 mg,66.67 mg,,1 mg,,,,,,,,,,,,,,,,,,,,,,,,,,,,,,,,,915 mg,,,,,,,,,,,,,,,,,,,
Magnesium (as Magnesium Glycinate Glutamine),,,,,,,,,,,,,,,,,,,,"18.75 mg
1.5 mg Magnesium",,,,,,,,,,,X,,,,,,,,,,,,,,,,,,,,,,,,,,,,,,,,,,,,,
Magnesium (as Magnesium Glycinate),,,,,,,,,,,,,,,,,,,,,,,,,,,,,,,,,25 mg,,,,,,,,,,,,,432 mg,,,,,,,,,,,,,,,,,,,,,,
Magnesium (as Magnesium Oxide),,,,,,,,50 mg,,,,,30.16 mg,30.16 mg,,,,,,,,,,,,,,,,,,,,,,,,,,,,,,,,,,,,,,,,,,,,,,,,,,,119.46 mg,,,
Magnesium Stearate,,,,,,,,,,X,,,,,,,X,,,,,,,,,,,,,,,X,,X,,X,,,,,,,,,X,,,,,,,,X,,,,,,X,,,,X,,,X,,X
Malt Diastase (Aspergillus Oryzae),,,,,,,,,,,,,,,,,,,,,"1 mg
 (21.25 DP)",,,,,,,,,,,,,,,,,,,,,,,,,,,,,,,,,,,,,,,,,,,,,,,
Manganese,,,,,,,,,,,,,,,,,,,,,,,,,,,,,,,,,,,,,,,,,0.2 mg,,,,,,,,,,,,,,,,,,,,,,,,,,,
Manganese (as Manganese Amino Acid Chelate),,,,,,,,400 mcg,,,,,1.25 mg,1.25 mg,,,,,,,,,,<2% DV,X,,,,,,,,,,,,,,,,,,,,,,,,,,,,,,,,,,,,,,,,,,,
Manganese (as Manganese Bisglycinate Chelate) ,500 mcg,,100mcg,,,,96 mcg,,< 2% DV,,10mg,,,,,X,,,,2.5 mcg,,,,,,,,19.2 mg,,,,,,,,,<2% DV,,,,,,32 mcg,,3.6 mg,,,,,,,,,,,,,,,,,100 mcg,0.8 mg,,1.92 mg,,,
Manganese (as Manganese Bisglycinate),,,,,,,,,,,,,,,,,,,,,,,,,,,,,,,,,,,,4 mg,,,,,,,,,,,,,,,,,,,,,,,,,,,,,,,,
Marine Polysaccharide complex,,,,,,,,,,,,,,,,,,,,,,,,,,,,,,,,,,,,,,,,,,,,,,,,,,,,,,,,,X,,,,,,,,,,,
MCT Oil Powder,,,,,,,,,X,X,,,866.67,866.67,,,,,,,,,,,,,,,,,,,,,,,,,,,,,,,,,,,,,,,,,,,,x,,,,,,,,,,
Melatonin,,,,,,,,,,,,,,,,,,,,,,,,,,,,,,,,,,,,,,,,,,,,,,,,,,,,,,,,,,,,1 mg,140 mg,,,,,,,
"Mental Clarity Blend  (L-Taurine, Ginko Biloba, Choline, DMAE-dimethylethanolamine, Rhodiola Crenulata, L-Tyrosine, Acetyl-L-Carnitine, Pyroglutamic Acid, Ginger, HuperzineA)",,,875 mg,,,,,,,,,,,,,,,,,,,,,,,,,,,,,,,,,,,,,,,,,,,,,,,,,,,,,,,,,,,,,,,,,
Methyl-Sufonyl-Methane (MSM),,,,,,,,,,,50 mg,,,,,,,,,,,,,,,,,,,,,,,,,,,,,,,,,,,,,,,,,,,,,,,,,,,,,,,,,
Microcrystalline Cellulose,,,,,,,,,X,,,,,,,,,,,,,,,,,,,,,,,,,,,X,,,,,,,,,,,,,,,,,,,,x,,,X,,,,,,,,,
Milk Thistle (80%),,,,,,,,,,,,,,,,,,,,,,,,,,,,,,,,,,,,,,,,,,,"150 mg
120 mg Silymarin",,,,,,,,,,,,,,,,,,,,,,,,,
Molasses,2 mg,,5 mg,,,, 30 mg,,,,5 mg,,,,,5 mg,,,,1.25 mg,,,,15 mg,10 mg,,,10 mg,,,10 mg,,,,,,5 mg,,,,,,10 mg,,,,5 mg,5 mg,,10 mg,,,,5 mg,,,,,,,,15 mg,,,15 mg,,,
Molybdenum (as Molybdenum Amino Acid Chelate),,,,,,,,,,,,,50 mcg,50 mcg,,,,,,,,,,,,,,,,,,,,,,,,,,,,,,,,,,,,,,,,,,,,,,,,,,,,,,
Molybdenum (as Molybdenum Glycinate Chelate),,,,,,,,,,,,,,,,,,,,,,,,,,,,,,,,,,,25 mcg,,,,,,,,,,,,,,,,,,,,,,,,,,,,,,75 mcg,,,
Molybdenum (as Sodium Molybdate),,,,,,,,10 mcg,,,,,,,,,,,,,,,,,,,,,,,,,,,,,,,,,,,,,,,,,,,,,,,,,,,,,,,,,,,,
Monk Fruit ,,,,,,,,,,,,,,,,,,,,,,,,,,,,,,X,,,,,,,,,,,,,,,,,,,,,,,,,,,,,,,,,,,,,,
Monk Fruit Extract,,,,,,,,,,,,,20 mg,46.67 mg,,,,,,,,,,,,,,,,,,,,,,,,,X,X,,,,,,,,,,,,,,,,,,,,,,,,,,,,
N-Acetyl-L-Tyrosine,,,,,,,,40 mg,,,,,,,,,,,,,,,,,,,,,,,,,,,,,,,,,,,,,,,,,,,,,,,,,,,,,,,,,,,,
NADH (reduced Nicotinamide Adenine Dinucleotide),,,,,,,,,,,,,,,,,,,,,,,,,,,,,,,,,,,,,,,,,,,,,,,,,,,10mg,,,,,,,,,,,,,,,,,
Natural  Lemon-Lime Flavor,,,,,,,,,,,,,,,,,,,,,,,,,,,,,,`X,,,,,,,,,,,,,,,,,,,,,,,,,,,,,,,,,,,,,,
Natural Flavors,,,,,,,,,,,,,,,,,,,,,,,,,,,,,,,,,,,,,,,X,X,,,,,,,,,,,,,,,,,,,,,,,,,,,,
Natural Orange Flavor,,,,,,,,,,,,,,,,,,,,,,,,,,,,,,,,,120 mg,,,,,,,,,,,,,,,,,,,,,,,,,,,,,,,,,,,
Natural Passion Fruit Flavor,,,,,,,,,,,,,,,,,,,,,,,,,,,,,,,,,,,,,,,,,,,,,,,,,,,,,,,,,,,,X,,,,,,,,
Natural Raspberry Flavor,,,,X,,,,,,,,,,,,,,,,,,,,,,,,,,,,,,,,,,,,,,,,,,,,,,,,,,,,,,,,,,,,,,,,
Natural Sugars,,,,,,,,,,,,,,,,,,,,,,,,,,,,,,,,,,,,,,,,,,,,,,,,,,,,,,,,,,,,X,,,,,,,,
Olive Oil,,,,,,,,,,,,,,,,,,,,,,,,,,,,,,,,,,,,,,,,,,,,,,,,,,,,,,,,,,,,,,,,x,,,,
Olive Powder (Leaf),,,,,,,,40 mg,,,,,,,,,,,,,,,,,,,,,,,,,,,,,,,,,,,,,,,,,,,,,,,,,,,,,,,,,,,,
"Opti-Blend ™ Delivery System (Amylase, Protease, Serratia Peptidase, Lipase, Invertase, Cellulase, Lactase, Maltase, Phytase)",8 mg,,5 mg,,,,30 mg,,,,5 mg,,,,,5 mg,,,,5 mg,,,,15 mg,10 mg,,,20 mg,,,10 mg,,,,5 mg,5 mg,5 mg,,,,,,10 mg,,,,10 mg,5 mg,,10 mg,,,,5 mg,,,,,,,,15 mg,,,15 mg,,,
"Opti-Cleanse Blend (Psyllium Husk, Licorice Root, Ginko Biloba, Apple Pectin, Grapefruit Pectin, Chlorella)",,,,,,,,,,,,,,,,,,,,,,,,,,,,,,,850 mg,,,,,,,,,,,,,,,,,,,,,,,,,,,,,,,,,,,,,
Orange Flavor,,,,,X,,,,,,,,,,,,,,,,,,,,,,,,,,,,,,,,,,,,,,,,,,,,,,,,,,,,,,,,,,,,,,,
Orange Fruit Powder,,,,,,,,,,,,,,,,,,,,,,,,,,,,,,,,,,,,,,,,,,,,,,,,,,,,,,,,,,,,,,,,,,,5 mg,
Oregeno Leaf,,,,,,,,,,,,,,,,,,,,,,,,,,,,,,,,,,,,,,,,,,,,,,,,,,,,,,50 mg,,,,,,,,,,,,,,
Other Exipients,,,,,,,,,,,,,,,,,,,,,,,,,,,,,,,,,1180 mg,,,,,,,,,,,,,,,,,,,,,,,,,,,,,,,,,,,
Ovary Powder,,,,,,,,,,,,,,,,,,,,,,,,,,15 mg,,,,,,,,,,,,,,,,,,,,,,,,,,,,,,,,,,,,,,,,,,
Papain,,,,,,,,,,,,,,,,,,,,,,,,,,,,,,,,,,,,,,,,,,,,,,,,,,,,,,18 mg,,,,,,,,,,,,,,
Parotid Powder (from Bovine),,,,,,,,,,,,,,,,,,,,,,,,,,,,,,,,,,,,20 mg,,,,,,,,,,,,,,,,,,,,,,,,,,,,,,,,
Passionflower ,,,,,,,,,,,,,,,,,,,,,,,,,,,,,,,,,,,,,,,,,,,,,,,,,,,,,,15 mg,,,,,,10 mg,,,,,,,,
Pea Protein Isolate (85%),,,,,,,,,,,,,,,,,,,,,,,,,,9.328 mg,,,,,,,,,,,,,,,,,,,,,,,,,,,,,,,,,,,,,,,,,,
Pectin,,,,,,,,,,,,,,,,,,,,,,,,,,,,,,,,,,,,,,,,,,,,,,,,,,,,,,,,,,,,X,,,,,,,,
Peppermint Leaf (Mentha piperita),,,,,,,,,,,,,,,,,,,,,,,,,,,,,,,,,,,,,,,,,,,,,,,,,,,,,,,,,,,,,,,,,75 mg,,,
Phosphatidyl Serine,,,,,,,,2 mg,,,,,,,,,,,,,,,,,,,,,,,,,,,,,,,,,,,,,,,,,,,,,,,,,,,,,,,,,,,,
Phenylthylamine,,,,,,,,,,,,,,,,,,,,,,,,,,,,,,,,,,,,,,,,,,,,,,,,,,,,,125 mg,,,,,,,,,,,,,,,
Phytase (Aspergillus niger),,,,,,,,,,X,,,,,,,,,,,,,,,,,,,,,,,,,,,,,,,,,,,,,,,,,,,,,,,,x,,,,,,,,,,
Pine Bark Extract,,,,,,,,,,,,,,,,,,,,,,,,,,,,,,,,,,,,,,,,,,,,,,,,10 mg,,,,,,,,,,225 mg,,,,,,,,,,
Plant-Based Magnesium Stearate,X,,x,,,,X,,x,,x,,,,X,x,,,,x,x,,,X,,,,x,,,x,,,,X,,X,,,,,,x,,,X,x,x,x,x,x,x,,x,X,,,x,,,,x,,,x,,x,
Pleurisy Seed Extract,,,,,,,,,,,,,,,,,,,,,,,,,,,,,,,,,,,,,,,,,,,,,20 mg,,,,,,,,,,,,,,,,,,,,,,,
Pomegranate Extract,,,,,,,,,,,,,,,,,,,,,,,,,,,,,,,,,,,,20 mg,,,,,,,,,,,,,,,,,,,,,,,,,,,,,,,,
Potassium ,,,,,,,,,,,,,,,,,,,,,,,,,,,,,,,,,,,,,,,77mg,140 mg,,,,,,,,,,,,,,,,,,,,,,,,,,,,
Potassium (as Glycinate Complex),,2 mg,,,,,,,,,,,,,,,,,,,,,,,,,,,,,,,,20 mg,,,,,,,,,,,,,,,,,,,,,,,,,,,,,,,,,,
Potassium (as Potassium Citrate),,,,,,,,50 mg,,,,,,,,,,,,,,,,,,,,,,,,,45 mg,,,,,,,,,,,,,,,,,,,,,,,,,,,,,,,,x,,,
Potassium Sorbate,,,,X,,,,,,,,,,,,,,,,,,,,,,,,,,,,,,,,,,,,,,,,,,,,,,,,,,,,,,,,,,,,,,,,
Pregnenolone,,,,,,,,,,,,,,,,,,,,,,,,,,7 mg,,,,,,,,,,,,,,,,,,,,,,,,,,,,,,,,,,,,,,,,,,
Probiotic Blend,,,,,,,,,,,,,,,,,,,,,,,,,,2.339 mg,,,,,,,,,,,,,,,,,,,,,,,,,,,,,,,,,,,,,,,,,,
"Proprientary Chemzyme Blend: Phthalazyme (Lactic Acid Bacteria), Peptidase (Aspergillus Oryzae), Lactase (Syn. Beta Galactosidase and Aspergillus Oryzae), Turmeric Root ",,,,,,,,,,540mg,,,,,,,,,,,,,,,,,,,,,,,,,,,,,,,,,,,,,,,,,,,,,,,,,,,,,,,,,,
"Proprietary Blend FST (Garcinia Cambogia, Cinnamon verum, Rasberry keytones, Rhodiola Crenulata, Konjac Root)",,,,,,,,,,,,,,,,,,,,,,,,75 mg,,,,,,,,,,,,,,,,,,,,,,,,,,,,,,,,,,,,,,,,,,,,
"Whole Food Culture Blend: (Vegetarian Yeast, Pea Protein Isolate.)
Fruit & Veggies: (Wild Blueberry, Apple, Raspberry, Strawberry, Oat Bran, Silica, Bilberry, Blackberry, Carrot, Tart Cherry, Cranberry, Red Grape, Orange Peel, Red Pepper, Cinnamin, Beet, Black Currant, Broccoli, Cucumber, Pomegranate, Okra, Wild Yam.)  
Probiotics: (Lactobacillus acidophilus DDS-1™, Lactobacillus bulgaricus, Bifidobacterium bifidium, Lactobacillus salivarius, Lactococcus lactis, Streptococcus thermophilus, Bifidobacterium lactis.) 
Enzymes: (Amylase, Proteases, Peptidizyme SP, Lipase, Invertase, Maltase, Cellulase, Lactase, Phytase.)",,,10 mg,,,,100 mg,,40 mg,,,,,,,,,,,,,,,,80 mg,,,,,,10 mg,,,,15 mg,,,,,,,,,64 mg,,,10 mg,25mg,130 mg,10 mg,,,,,5 mg,,,30 mg,,,,66 mg,,,15 mg,,,
"Proprietary Mushroom Blend: Maitake Mushroom Extract (Fruit), Turkey Tail Extract (Fruit), Chaga Mushroom Extract (Fruit), Royal Sun Agaricus Extract (Fruit), White Button Mushroom Extract (Fruit), Black Fungus Extract (Fruit)",,,,,,,,,,,,,,,,,,,,,,,,,,,,,,,,,,,,,,,,,,,,,,,,,,,,,,,,,,,266 mg,,,,,,,,,
"Proprietary Natural Anti-Inflammatory Enzyme Blend (Amylases, Lipases, Peptizime SP, Rutin, Bromelain, Papain, Proteases, Amla)","100 mg / 75,000 AU",,,,,,,,,,,,,,,,,,,,,,,,,,,,,,,,,,,,,,,,,,,,,,,,,,,,,,,,,,,,,,,,,,,
"Proprietary Plant Enzyme Blend: (SEBpro DPPIV Proteases, Amylases, Lactase, Alpha-Galactosidase, Bromelain, Papain, Lipase, Cellulase, Corn Maltodextrin)",,,,,,,,,,,,,,,,,,,,,150 mg,,,,,,,,,,,,,,,,,,,,,,,,,,,,,,,,,,,,,,,,,,,,,,,
"Proprietary Probiotic Blend High CFU: (Lactobacillus Acidophilus, Bifidobacterium Lactis, Lactobacillus Plantarum, Lactobacillus Paracasei)",,,,,,,,,,,,,,,,,,,,,,,,,,,,,,,,,,,,,,,,,,,,,,,,,,,,,,,,,20 Billion CFU,,,,,,,,,,,
"Proprietary Probiotic Blend: (Lacobacillus acidophilus DDS-1, Lactobacillus bulgaricus, Bifidobacterium bifidium, Lactobacillus salivarius, Lactobacillus lactis, Streptococcus thermophilus, Bifidobacterium lactis)",,,,,,,,,,,,,,,,,,,,75 mg,10 mg,,,,,,,"255 mg
2.25 Billion CFU",,,,,,,,,,,,,,,,,,,,,,,,,,,,,,,,,,,,,,,,
"Proprietary Testosterone Blend: Tribulus Fruit Extract, L-Arginine HCL, Longjack Root Extract, Pygeum Bark Extract, Saw Palmett Berry)",,,,,,,,,,,,,,,,,,,,,,,,,,,,,,,,,,,,,,,,,,,,,,,,,,,,,,,,,,,,,,685 mg,,,,,,
Protease (Aspergillus oryzae),100mg,,,,,,,3.34 mg,,,,,,,10 mg,,,,,,,,,,,,,,,,,,,,,,,,,,,,,,,,,,,,,,,,,,,,,,,,,,,,,
"PROTEIN CHOCOLATE: 
Soy Protein Isolate (18880.5 mg)
Whey Protein Isolate (910.01 mg)
Milk Protein Isolate (583.34 mg)",,,,,,,,,,,,,20.37 g,,,,,,,,,,,,,,,,,,,,,,,,,,,,,,,,,,,,,,,,,,,,,,,,,,,,,,,
"PROTEIN VANILLA: 
Soy Protein Isolate (18020.67 mg)
Whey Protein Isolate (910.01 mg)
Milk Protein Isolate (583.34 mg)",,,,,,,,,,,,,,19.5 g,,,,,,,,,,,,,,,,,,,,,,,,,,,,,,,,,,,,,,,,,,,,,,,,,,,,,,
Pumpkin Seed ,,,,,,,,,,,,,,,,,,,,,,,,,,,,,,,,,,,,,,,,,,,,,,,,,,,,,,50 mg,,,,,,,,,,,,,,
Purple Carrot Juice Concentrate,,,,,,,,,,,,,,,,,,,,,,,,,,,,,,,,,,,,,,,,,,,,,,,,,,,,,,,,,,,,X,,,,,,,,
Pyrroloquinoline (Quinone) ,,,,,,,,,,,,,,,,,,,,,,,,,,,,,,,,,,,,,,,,,,,,,,,,200 mcg,,,,,,,,,,,,,,,,,,,,
Quercetin Extract,,,,,,,,,,,,,,,,,,,,,,,,,,,,,,,,,,,,,,,,,,,,,500 mg,,,,,20 mg,,,,,,,,,,,,,,,,,,
Red Raspberry Leaf,,,,,,,,,,,,,,,,,,,,,,,,,,45 mg,,,,,,,,,,,,,,,,,,,,,,,,,,,,,,,,,,,,,,,,,,
Red Yeast,,,,,,,,,,,,,,,,,,,,,,,,,,9.328,,,,,,,,,,,,,,,,,,,,,,,,,,,,,,,,,,,,,,,,,,
Reishi Mushrom Extract (Fruit),,,,,,,,,,,,,,,,,,,,,,,,,,,,,,,,,,,,,,,,,,,,,,,,,,,,,,,,,,,266 mg,,,,,,,,,
Resveratrol Root Extract (japanese Knotweed),,,,,,,,,,,,,,,,,,,,,,,,,,,,,,,,,,,,,,,,,,,,,,,,,,,,,,,,,,300 mg,,,,,,,,,,
Rhodiola Crenulata,,,,,,,,,,,,,,,,20 mg,,,,,,,,,,,,,,,,,,,,,,,,,,,,,,,,,,,,,,,,,,,,,,,,,,,,
Rhodiola Rosea,,25 mg,,,,,,,,,,,,,,,,,,,,,,,,,,,,,,,,,,,,,,,,,,,,,,,,,,,,,,,,,,,,,,,,,,
Rice Flour,X,X,,,,,X,,X,,X,,,,X,X,,,,X,X,,,X,,,,X,,,X,X,,X,X,,X,,,,,,X,X,X,,X,X,X,X,,X,X,X,X,,,X,,,,X,X,,X,X,,X
Rice Hull Concentrate,X,,,,,,,,,,X,,,,,X,,,,X,X,,,X,,,,X,,,X,,,,X,,X,,,,,,X,X,,,X,X,X,X,,,,X,X,,,,,,,X,,,X,,,
Rice Maltodextrin,,,,,,,,,,,,,,,,,,,,,,,,,,,,,,,,,,,,,,,,,,,,,,,,,,,,,,,,,X,,,,,,,,,,,
Rutin,,,,,,,,,,,,,,,,,,,,,,,,,,,,,,,,,,,,,,,,,,,,,30 mg,,,,,,,,,,,,,,,,,,,,,,,
Sasparilla Root,,,,,,,,,,,,,,,,,,,,,,,,,90 mg,22.5 mg,,,,,,,,,,,,,,,,,,,,,,,,,,,,,,,,,,,,,,,,,,
Selenium,,,,,,,,,,,,,,,,,,,,,,,,,,,,,,,,,,,,,,,,,25 mcg,,,,,,,,,,,,,,,,,,,,,,,,,,,
Selenium (as Selenium Amino Acid Chelate),,,,,,,,50 mcg,,,,,46 mcg,46 mcg,,,,,,,,,,,,,,,,,,,,,,,,,,,,,,,,,,,,,,,,,,,,,,,,,,,,,,
Selenium (as Selenium Glycinate Chelate),,,,,,,,,,,,,,,,,,,,,,,,,,,,,,,,,,,,,,,,,,,,,,,,70 mcg,,,,,,,,,,,,,,,,,,,,
Selenium (as Selenium Glycinate),,,,,,,,,,,,,,,,20 mcg,,,,,,,,45 mcg,,,,,,,,,,,25 mcg,,,,,,,,,,,,,,,,,,,,,,,,,,,200 mcg,,,90 mcg,,,
Selenomethionine,,,,,,,,,,,,,,,,,,,,,,,,,,,,,,,,,,,,,,,,,,,,,,,,,,,,,,,,,,,,,,,,,,,,
Shiitake Mushroom ,,,,,,,,,,,,,,,,,,,,,,,,,,,,,,,,,,,,,,,,,,,,,,,,,,50 mg,,,,,,,,,,,,,,,,,,
Shiitake Mushroom Extract,,,,,,,,,,,,,,,,,,,,,,,,,,,,,,,,,,,,,,,,,,,,,,,,,,,,,,,,,,,266 mg,,,,,,,25 mg,,
Silica,,,x,,,,,,,,,,,,,,,,,,,,,,,,,,,,,,,,,,,,,,,,,,,,,,,,,,,,,,,,,,,,,,,,,X
Silicon ,,,,,,,,,,,,,,,,,,,,,,,,,,,,,,,,,,,,X,,,,,,,,,,,,,,,,,,,,,,,,,,,,,,,,
Silicon Dioxide,,X,,,,,x,,,,X,,,,,,,,,,,,,,,,,,,,,,,x,,,,,,,,,,,,,,,,,,,X,,,x,,,,,,,,,,x,,
Sodium,,,,,,,,,,,,,,,,,,,,,,,,,,,,,,,,,,,,,,,103 mg,103 mg,,,,,,,,,,,,,,,,,,,,,,,,,,,,
Sodium (as Pink Sea Salt),,,,,,,,,,,,,,,,,,,,,,,,,,,,,,,,,150 mg,,,,,,,,,,,,,,,,,,,,,,,,,,,,,,,,,,,
Sodium Bicarbonate,,,,,150 mg,,,,,,,,,,,,,,,,,,,,,,,,,,,,650 mg,,,,,,,,,,,,,,,,,,,,,,,,,,,,,,,,,,,
Sodium Chloride (salt),,,,,,,,,,,,,666.670 mg,200 mg,,,,,,,,,,,,,,,,,,,,,,,,,X,X,,,,,,,,,,,,,,,,,,,,,,,,,,,,
Sorbitol,,,,X,,,,,,,,,,,,,,,,,,,,,,,,,,,,,,,,,,,,,,,,,,,,,,,,,,,,,,,,,,,,,,,,
Soy Genestein ,,,,,,,,,,,,,,,100 mg,,,,,,,,,,,,,,,,,,,,,,,,,,,,,,,,,,,,,,,,,,,,,,,,,,,,,
Soy Lecithin,,,,,,,,,,,,,,,,,,,,,,,,,,,,,,,,,,,,,,,,,,,,,,,,,,,,,,,,,,,,,,,,x,,,,
Spirulina (Anthrospira plantensis) (Algae),,,,,,,,,,,,,,,,,,,,,,,,,,,,,,,,,,,,,,,,,,,,,,,,,,,,,,,,,,,,,,,,,75 mg,,,
Spleen Powder (from Bovine),,,,,,,,,,,,,,,,,,,,,,,,,,,,,,,,,,,,20 mg,,,,,,,,,,,,,,,,,,,,,,,,,,,,,,,,
Stabalizied Glutamine,,,,,,,,,,,,,,,,,,,,,,,,,,,,,,,,,,,,,,,,,,,,,,,,,,,,,,,,,,,,,,,,,,,,
"Stabilized Fatty Acid Blend (Flaxseed oil, Borage oil, and Algae oil)",,,,,,,,,,,,,,,,,,,,,,,1000 mg,,,,,,,,,,,,,,,,,,,,,,,,,,,,,,,,,,,,,,,,,,,,,
Stearic acid,,,,,,,,,,,,,,,,,,,,,,,,,,,,,,,,,,,,,,,,,,,,,,,,,,,,,,,,,,,,,,,,,,,x,
Stevia,,,,X,X,,,,,,,,,,,,,,,,,,,,,,,,,,,,47 mg,,,,,,X,X,,,,,,,,,,,,,,,,,,,,,,,,,,,,
Sulforaphane Glucosinolate,,,,,,,,,,,,,,,,,,,,,,,,,,,,,,,,,,,,,,,,,,,,,,,,,,,,,,,,25 mg,,,,,,,,,,,,
Sunflower Lecitthin,,,,,,,,,,,,,,,,,,,,,,,,,,,,,,,,,,,,,,,X,X,,,,,,,,,,,,,,,,,,,,,,,,,,,,
Sunflower Oil Powder,,,,,,,,,,,,,913.34 mg,913.34 mg,,,,,,,,,,,,,,,,,,,,,,,,,,,,,,,,,,,,,,,,,,,,,,,,,,,,,,
Taurine,,,,,,,,,,,,,,,,,,,,,,,,,,,,,,,,,,50 mg,,,,,,,,,,,,,,,,,,,,,,,,,,,,,,,,,,
"Thermogenesis Blend: Green Tea Leaf Extract, Raspberry Ketone, Yohimbe Bark Powder ",,,,,,,,,,,,,,,,,,,,,,,,,,,,,,,,,,,,,,,,,,,,,,,,,,,,,40 mg,,,,,,,,,,,,,,,
Thymoquinone (TQ),,,,,,40mg,,,,,,,,,,,,,,,,,,,,,,,,,,,,,,,,,,,,,,,,,,,,,,,,,,,,,,,,,,,,,,
Thymus Powder (from Bovine),,,,,,,,,,,,,,,,,,,,,,,,,,,,,,,,,,,,20 mg,,,,,,,,,,,,,,,,,,,,,,,,,,,,,,,,
Thyroid,,,,,,,,,,,,,,,,,,,,,,,,,,,,,,,,,,,,,,,,,,,,,,,,,,,,,,,,,,,,,,,,,,,,
Titanium Dioxide,,,,,,,,,,,,,,,,,,,,,,,,,,,,,,,,,,,,,,,,,,,,,,,,,,,,,X,,,,,,,,,,,,,,,
Titanium Oxide,,,,,,,,,,,,,,,,,,,,,,,,,,,,,,,,,,,,,,,,,,,,,,,,,,,,,,,,,,,,,,,,x,,,,
Turmeric Root,200mg,,,,,,,,,,,,,,,,,,,,,,,60 mg,,,,,,,,,,,,,,,,,,,,,,,,,,,,,,,,,,,,,,,,,,,,
Turmeric Root Extract,,,,,,,,,,,,,,,,10 mg,,,,,,,,,,,,,,,,,,,,,,,,,,,,,,,,20 mg,,22 mg,,,,,,250 mg,,,,,,,,,,,,
Ubiquinol (Kaneka Ubiquinol™),,,,,,,,,,,,,,,,,,,,,,,,,,,,,,,,,,,,,,,,,,,,,,,,,,,,,,,,,,,,,,,,100mg,,,,
Uterus Powder (Bovine),,,,,,,,,,,,,,,,,,,,,,,,,,15 mg,,,,,,,,,,,,,,,,,,,,,,,,,,,,,,,,,,,,,,,,,,
Uva Ursi Leaves,,,,,,,,,,,,,,,,,,,,,,,,,,,,,,,,,,,,,,,,,,,,,5 mg,,,,,,,,,,,,,,,,,,,,,,,
Valerian Root 4:1 (Valeriana officinalis) Extract,,,,,,,,,,,,,,,,,,,,,,,,,,,,,,,,,,,,,,,,,,,,,,,,,,,,,,,,,,,,,,,,,,,,
Vanadyl Sulfate ,,,,,,,,2 mg,,,,,,,,,,,,,,,,,,,,,,,,,,,,,,,,,,,,,,,,,,,,,,,,,,,,,,,,,,,,
Vanilla Natural and artificial Flavors (Proprietary formula),,,,,,,,,,,,,2000.01 mg,,,,,,,,,,,,,,,,,,,,,,,,,,,,,,,,,,,,,,,,,,,,,,,,,,,,,,,
Vegetable Capsule,,X,,,,,,,,,,,,,,,,,,,,,,,,,,,,,,,,X,,,,,,,,,,,X,,,,,,X,,,,,,X,,X,,,,X,,,X,,
Vegetable Enzyme Blend,,,,,,,,,,,,,,,,,,,,,,,,,,0.47 mg,,,,,,,,,,,,,,,,,,,,,,,,,,,,,,,,,,,,,,,,,,
Vegetable Oil,,,,,,,,,,,,,,,,,,,,,,,,,,,,,,,,,,,,,,,,,,,,,,,,,,,,,,,,,,,,X,,,,,,,,
Vitamin A,,,,,,,,,,,,,,,,,,,,,,,,,,,,,,,,,,,,,,,,,450 mcg RAE,,,,,,,,,,,,,,,,,,,,,,,,,,,
Vitamin A (as Beta Carotene),,,,,,,,,,,,,960 mcg RAE,960 mcg RAE,,,,,,,,,,,,,,,,,,,,,,,,,,,,,,,  20 mg,,,90 mcg RAE,,,,,,,,,,,,,,,1050 mcg RAE,,"1,500 mcg RAE",,,
Vitamin A (as Retinyl Acetate),,,,,,,,360 mcg RAE,,,,,,,,,,,,,,,,,,,,,,,,,,,,,,,,,,,,,,,,,,,,,,,,,,,,,,,,,,,,
Vitamin A (as Retinyl Palmitate),,,,,,,,,,,,,,,,,,,1500 mcg RAE,,,,,,,,,,,,,,,,,3 mg,,,,,,,,,,,,245.1 mcg RAE,,,,,,,,,,,,,,,225 mcg RAE,,,,,
Vitamin B1 (Thiamine),,,3 mg,,,,,3 mg,,,,,0.95 mg,0.95 mg,,,,,,,,,,,1.4 mg,36 mcg,,,,,,,,,,,,,,,0.6 mg,,,,,,24 mg,5 mg,,,,,,,,,,,,,,0.15 mg,10 mg,,2.34 mg,,,
Vitamin B12 (as Methylcobalamin and Hydroxocobalamin) ,,,,1200 mcg,,,,,,,,,,,,,,,,,,,,,,,,,,,,,,,,,,,,,,,,,,,,,,,,,,,,,,,,,,,,,,,,
Vitamin B12 (Methylcobalamin) ,,,31 mcg,,,,,,,,,,4 mcg,4 mcg,,,,,,,,,,,18 mcg,,,,,,,,,,,,6 mcg,,,,3.6 mcg,,,,,,420 mcg,,,,,,,,,,,,,,,6 mcg,100 mcg,,6 mcg,,,
Vitamin B2 (Riboflavin),,15 mg,3.4 mg,1.7 mg,,,,1.7 mg,,,,,1 mg,1 mg,,,,,,,,,,,1.76 mg,42 mcg,,,,,,,,,,,,,,,0.5 mg,,,,,,20 mg,500 mcg,,,,,,,,,,,,,,0.17 mg,,,2.94 mg,,,
Vitamin B3 (Niacin),,15 mg,40 mg,20 mg,,,,12.5 mg,,,,,13 mg,13 mg,,,,,,,,,,,19.4 mg,4 mg,,,,,,,,,,,,,,,8 mg,,,X,,,112.5 mg,5 mg,,,,15 mg,,,,,,,,,,20 mg,5 mg,,20.58 mg,,,
Vitamin B5 (Pantothenic Acid),,,20 mg,20 mg,,,,12 mg,,,,,6 mg,6 mg,,,,,,,,,,,9.7 mg,250 mcg,,,,,,,,,,,,,,,4 mg,,,X,,,135 mg,,,,,,,,,,,,,,,10 mg,,,13.5 mg,,,
Vitamin B6 (as Pyridoxal 5 phosphate) ,,,,,,,,,,,,,,,,,,,,,,,,,,,,,,,,,,,,,,,,,,,,,9 mg,,,,,,,,,,,,,,,,,,,,,,,
Vitamin B6 (Pyridoxine),,10 mg,4 mg,3 mg,,,,12 mg,,,,,1 mg,1 mg,,,,,,,,,,,2.88 mg,0.5 mg,,,,,,,,,,20 mg,,,,,3.4 mg,,,X,9 mg,,20 mg,,,,,,,,40mg,,,,,2 mg,,2 mg,10 mg,,2.4 mg,,,
Vitamin B7 (Biotin),,,300 mcg,,,,,1.5 mcg,,,,,200 mcg,300 mcg,,,,,,,,,,,270 mcg,73 mcg,,,,,,,,,,,,,,,105 mcg,,,,,,410 mcg,,,,,,,,,,,,,,,300 mcg,,,300 mcg,,,
Vitamin B9 (as L-5-Methyltertrahydrofolate),,,,,,,,,,,,,,,,,,,,,,,,,,,,,,,,,,,,,200 mcg DFE,,,,,,,,,,,,,,,,,,,,,,,,,,,,,,,
Vitamin B9 (Folate as folic acid),,,680 mcg DFE,,,,,680 mcg DFE,,,,,450.5 mcg DFE,450.5 mcg DFE,,,,,,,,,,,2754 mcg DFE,581.4 mcg DFE,,,,,,,,42.5 mcg DFE,,,,,,,400 mcg DFE,,,X,,,2000 mcg DFE,425 mcg DFE,,,,,,,,,,,,,,680 mcg DFE,170 mcg DFE,,918 mcg DFE,,,
Vitamin C ,5 mg,175 mg,,,,,,125 mg,,,,,41 mg,41 mg,,18 mg,,,,,,,,,,,,,,,,,500 mg,100 mg,,100 mg,,,,,90 mcg,,,,,,,12 mg,,,,,,,,,,,,,,,100 mg,,60 mg,,166 mg,
Vitamin D ,,,,,,,,,,,,,,,,,,,,,,,,,,,,,,,,,,,,,,,,,,,,,,,,,,,,,,,,,,,,,,,,,,,,
Vitamin D3 (as Cholicalciferol),,,,,,,,"2.5 mcg
10 IU",,,,,"6.65 mcg
266 IU","6.65 mcg
266 IU",,,,,125 mcg,,,,,,,,,,,,,,,,,"3mg
300 IU",,,,,"20 mcg
800 IU",,,"100 mcg
4,000 IU",,,,,,"25 mcg
1,000 IU",,,,,,,,,,,,,,,10 mcg,"250 mcg
10,000 IU",,
Vitamin E,,,,,,,,,,,,,,,,,,,,,,,,,,,,,,,,,,,,,,,,,11.5 mg,,,,,,,,,,,,,,,,,,,,,,,,,,,
Vitamin E (as D-Alpha Tocopherol),,,,,,,,,,,,,,,,,,,,,,,"6.7 mg 
10 IU",,,,,,,,,,,41.32 mg,,,,,,,,,,,,,,0.67 mg,,,,,,,,,,,,,,,3 mg,,10.5 mg,,,
Vitamin E (as DL-Alpha Acetate),,,,,,,,,,,,,,,,,,,,,,,,,,,,,,,,,,,,,,,,,,,,,,,,6.3 mg,,,,,,,,,,,,,,,,,,,,
Vitamin E (as DL-Tocopherol),,,,,,,,13.8 mg,,,,,,,,,,,,,,,,,,,,,,,,,,,,,,,,,,,,,,,,,,,,,,,,,,,,,,,,,20.10 mg,,,
Vitamin E (as Tocopherol Acetate),,,,,,,,,,,,,9 mg,9 mg,,,,,,,,,,,,,,,,,,,,,,,,,,,,,,,,,,,,,,,,,,,,,,,,,,,,,,
Vitamin K,,,,,,,,,,,,,,,,,,,,,,,,,,,,,,,,,,,,,,,,,120 mcg,,,,,,,,,,,,,,,,,,,,,,,,,,,
Vitamin K1 (as Phytonadione),,,,,,,,,,,,,53 mcg,53 mcg,,,,,25 mcg,,,,,,,,,,,,,,,,,,,,,,,,,,,,,,,,,,,,,,,,,,,,,,,,,
Vitamin K2 (as Menaquinone-7),,,,,,,,,,,,,,,,,,,100 mcg,,,,,,,,,,,,,,,,,,,,,,,,,120 mcg,,,,,,,,,,,,,,,,,,,,,,,,
"VRL Blend (Lycopene, Polyphenols with 80% catechins and 45% EGCG, Brocolli Extract 5% Glucoraphin)",,,,,,,,,,,,,,,,,,,,,,,,,,,,,,,,,,,,305 mg,,,,,,,,,,,,,,,,,,,,,,,,,,,,,,,,
Water,,,,,,,,,,,,,,,,,,,,,,,,,,,,,,X,,,,,,,,,,,,,,,,,,,,,,,,,,,,,,,,,,x,,,,
White Chocolate,,,,,,,,,,,,,6666.7 mg,6600.03 mg,,,,,,,,,,,,,,,,,,,,,,,,,,,,,,,,,,,,,,,,,,,,,,,,,,,,,,
Whole Glucan Particle,,,,,,,,,,,,,,,,,,,,,,,,,,,,,,,,,,,,,,,,,,,,,,,,,,,,,,,,,,,,,,,,,,,,
Wild Yam Root,,,,,,,,,,,,,,,,,,,,,,,,,180 mg,45 mg,,,,,,,,,,,,,,,,,,,,,,,,,,,,,,,,,,,,,,,,,,
Wormwood Extract,,,,,,,,,,,,,,,,,,,,,,,,,,,,,,,,,,,,,,,,,,,,,,,,,,,,,,10 mg,,,,,,,,,,,,,,
Xanthan Gum,,,,,,,,,,,,,,,,,,,,,,,,,,,,,,,,,,,,,,,X,X,,,,,,,,,,,,,,,,,,,,,,,,,,,,
Xylitol,,,,,X,,,,,,,,2333.350 mg,5000.03 mg,,,,,,,,,,,,,,,,,,,,,,,,,,,,,,,,,,,,,,,,,,,,,,,,,,,,,,
Yeast (Saccharomyces cerevisae),,,,,,,,,,,,,,,,,,,,,,,,,,,,,,,,,,,,,10 mg,,,,,,,,,,,,,,,,,,,,,,,,,,,,,,,
Yellow Dock Root,,,,,,,,,,,,,,,,,,,,,,,,,,,,,,,,,,,,,,,,,,,,,5 mg,,,,,,,,,,,,,,,,,,,,,,,
Yucca Root (Yucca shindigera),,,,,,,,,,,20 mg,,,,,,,,,,,,,,,,,,,,,,,,,,,,,,,,,,,,,,,,,,,,,,,,,,,,,,,,,
Zeaxantin,,,,,,,,,,,,,,,,,,,,,,,,,,,,,,,,,,,,,,,,,,,,,,,,,,,,,,,,2 mg,,,,,,,,,,,,
Zinc,,,,,,,,,,,,,,,,,,,,,,,,,,,,,,,,,,,,,,,,,1.5 mcg,,,,,,,,,,,,,,,,,,,,,,,,,,,
Zinc (as Zinc Amino Acid Chelate),,,,,,,,,,,,,10mg,10mg,,,,,,,,,,,,,,,,,,,,,,,,,,,,,,,,,,,,,,,,,,,,,,,,,,,,,,
Zinc (as Zinc Bisglycinate Chelate),10 mg,,50 mcg,,,,0.6 mg,10 mg,1.15 mg,,X,,,,,10 mg,,,,5 mcg,,,,<2% DV,X,,,100 mcg,,,x,,,,,,0.46 mg,,,,,,40 mg,,,,,x,,,,,,,,,,,,,,7.5 mg,5 mg,,15.6 mg,,,30mg
Zinc (as Zinc Bisglycinate),,,<2% DV,,,,,,,,,,,,,,,,,,,,,,,,,,,,,,,,,16 mg,,,,,,,,,,,,,,,,,,,,,,,,,,,,,,,,
Zinc (as Zinc Glycinate Chelate),,5 mg,,,,,,,,,,,,,,,,,,,,,,,,,,,,,,,,,,,,,,,,,,,,,,,,,,,,,,,,,,,,,,,,,,
Zinc (as Zinc Oxide),,,,,,,,5 mg,,,,,,,,,,,,,,,,,,,,,,,,,,,,,,,,,,,,,,,,,,,,,,,,,,,,,,,,,,,,