Product,Ingredient 1,Ingredient 2,Ingredient 3,Ingredient 4,Ingredient 5,Ingredient 6,Ingredient 7,Ingredient 8,Ingredient 9,Ingredient 10,Ingredient 11,Ingredient 12,Ingredient 13,Ingredient 14,Ingredient 15,Ingredient 16,Ingredient 17,Ingredient 18,Ingredient 19,Ingredient 20,Ingredient 21,Ingredient 22,Ingredient 23,Ingredient 24,Ingredient 25,Ingredient 26,Ingredient 27,Ingredient 28,Ingredient 29,Ingredient 30,Ingredient 31,Ingredient 32,Ingredient 33,Ingredient 34,Ingredient 35,Ingredient 36,Ingredient 37,Ingredient 38,Ingredient 39,Ingredient 40,Ingredient 41,Ingredient 42,Ingredient 43,Ingredient 44,Ingredient 45
Acute,Acerola Cherry Powder,Copper (as Copper Gluconate),Ginger Root,Hypromellose (Plant Cellulose & Water),Licorice Root Extract,Manganese (as Manganese Bisglycinate Chelate),Molasses,"Opti-Blend ™ Delivery System (Amylase, Protease, Serratia Peptidase, Lipase, Invertase, Cellulase, Lactase, Maltase, Phytase)",Plant-Based Magnesium Stearate,"Proprietary Natural Anti-Inflammatory Enzyme Blend (Amylases, Lipases, Peptizime SP, Rutin, Bromelain, Papain, Proteases, Amla)",Protease (Aspergillus oryzae),Rice Flour,Rice Hull Concentrate,Turmeric Root,Vitamin C,Zinc (as Zinc Bisglycinate Chelate),,,,,,,,,,,,,,,,,,,,,,,,,,,,,
Adrenal,Adrenal Gland (from Bovine),Cellulose,Chlorella,Chromium (as amino acid chelate),Citrus Bioflavonoids,"Glandular/ENZYME Blend: Bovine Spleen, Bovine Adrenal, Bovine Thymus, Bovine Pituitary, and Enzyme Blend",Grape Extract (Seed),L-Tyrosine,Magnesium (as Magnesium Citrate),Potassium (as Glycinate Complex),Rhodiola Rosea,Rice Flour,Silicon Dioxide,Vegetable Capsule,Vitamin B2 (Riboflavin),Vitamin B3 (Niacin),Vitamin B6 (Pyridoxine),Vitamin C,Zinc (as Zinc Glycinate Chelate),,,,,,,,,,,,,,,,,,,,,,,,,,
B Awake,Manganese (as Manganese Bisglycinate Chelate),"Mental Clarity Blend (L-Taurine, Ginko Biloba, Choline, DMAE-dimethylethanolamine, Rhodiola Crenulata, L-Tyrosine, Acetyl-L-Carnitine, Pyroglutamic Acid, Ginger, HuperzineA)",Molasses,"Opti-Blend ™ Delivery System (Amylase, Protease, Serratia Peptidase, Lipase, Invertase, Cellulase, Lactase, Maltase, Phytase)",Plant-Based Magnesium Stearate,"Whole Food Culture Blend: (Vegetarian Yeast, Pea Protein Isolate.) Fruit & Veggies: (Wild Blueberry, Apple, Raspberry, Strawberry, Oat Bran, Silica, Bilberry, Blackberry, Carrot, Tart Cherry, Cranberry, Red Grape, Orange Peel, Red Pepper, Cinnamin, Beet, Black Currant, Broccoli, Cucumber, Pomegranate, Okra, Wild Yam.) Probiotics: (Lactobacillus acidophilus DDS-1™, Lactobacillus bulgaricus, Bifidobacterium bifidium, Lactobacillus salivarius, Lactococcus lactis, Streptococcus thermophilus, Bifidobacterium lactis.) Enzymes: (Amylase, Proteases, Peptidizyme SP, Lipase, Invertase, Maltase, Cellulase, Lactase, Phytase.)",Silica,Vitamin B1 (Thiamine),Vitamin B12 (Methylcobalamin),Vitamin B2 (Riboflavin),Vitamin B3 (Niacin),Vitamin B5 (Pantothenic Acid),Vitamin B6 (Pyridoxine),Vitamin B7 (Biotin),Vitamin B9 (Folate as folic acid),Zinc (as Zinc Bisglycinate Chelate),Zinc (as Zinc Bisglycinate),,,,,,,,,,,,,,,,,,,,,,,,,,,,
B-12,Citric acid,Glycerine,Natural Raspberry Flavor,Potassium Sorbate,Sorbitol,Stevia,Vitamin B12 (as Methylcobalamin and Hydroxocobalamin),Vitamin B2 (Riboflavin),Vitamin B3 (Niacin),Vitamin B5 (Pantothenic Acid),Vitamin B6 (Pyridoxine),,,,,,,,,,,,,,,,,,,,,,,,,,,,,,,,,,
BFF,Caffeine Anhydrous,Creatine Nitrate,"Fruit and Veggie Blend Future Ceuticals: Fruits: Banana, Pineapple, Strawberry, Apple Extract, Camu Camu Juice Concentrate, Raspberry, Acerola Juice Concentrate, Noni, Acai, Wild Blueberry, Cranberry, Blackberry, Acai Juice, Tart Cherry, Pomegranate, Elderberry, Mangosteen, Blueberry Extract, Black Currant Extract, Sweet Cherry, Aronia, Blackberry, Watermelon Juice Concentrate, Bilberry Extract. Vegetables/Herbs: Cauliflower, Stevia Extract, Green Coffee Bean Extract, Green Tea Extract, Brocolli Sprout, Onion Extract, Quercitin Extract, Carrot, Tomato, Brocolli, Turmeric, Garlic, Basil, Oregeno, Cinnamon, Spinach, Kale, Bussels Sprouts. Flavoring: Natural Pineapple Flavor, Natural Banana Flavor, Artificial Watermelon Flavor. Other: Silica, Maltodextrin, Citric Acid, Xylitol, Tricalcium Phosphate, Corn Starch, Red Food Color",Green Tea Powder,Orange Flavor,Sodium Bicarbonate,Stevia,Xylitol,,,,,,,,,,,,,,,,,,,,,,,,,,,,,,,,,,,,,
Black Seed,Black Seed Oil,Bone Gelatin (from Bovine),Glycerine,Thymoquinone (TQ),,,,,,,,,,,,,,,,,,,,,,,,,,,,,,,,,,,,,,,,,
Bone Plus Cal,"Calcium Blend: Calcium Aminomin, Calcium Bisglycinate Chelate",Copper (as Copper Bisglycinate Chelate),Hypromellose (Plant Cellulose & Water),Ipriflavone,Manganese (as Manganese Bisglycinate Chelate),Molasses,"Opti-Blend ™ Delivery System (Amylase, Protease, Serratia Peptidase, Lipase, Invertase, Cellulase, Lactase, Maltase, Phytase)",Plant-Based Magnesium Stearate,"Whole Food Culture Blend: (Vegetarian Yeast, Pea Protein Isolate.) Fruit & Veggies: (Wild Blueberry, Apple, Raspberry, Strawberry, Oat Bran, Silica, Bilberry, Blackberry, Carrot, Tart Cherry, Cranberry, Red Grape, Orange Peel, Red Pepper, Cinnamin, Beet, Black Currant, Broccoli, Cucumber, Pomegranate, Okra, Wild Yam.) Probiotics: (Lactobacillus acidophilus DDS-1™, Lactobacillus bulgaricus, Bifidobacterium bifidium, Lactobacillus salivarius, Lactococcus lactis, Streptococcus thermophilus, Bifidobacterium lactis.) Enzymes: (Amylase, Proteases, Peptidizyme SP, Lipase, Invertase, Maltase, Cellulase, Lactase, Phytase.)",Rice Flour,Silicon Dioxide,Zinc (as Zinc Bisglycinate Chelate),,,,,,,,,,,,,,,,,,,,,,,,,,,,,,,,,
Brain,Amylase (Aspergillus Oryzae),Bacopa Monnieri Extract,Billberry Extract (Fruit),Boron (as Boron Citrate),Calcium (as Calcium Carbonate),Choline (as Choline Bitartrate),Chromium (as Chromium Picolate),Cinamon Bark Extract,Copper (as Copper Gluconate),DHA (Docosahexaenoic acid) powder,DMAE (Dimethylaminoethanol) Bitartrate,GABA (Gamma Amino Butyric Acid),Glutamic Acid,Grape Extract (Seed),Grapefruit Extract (Seed),Green Tea Extract (Leaf),Huperzine A (from Huperzia Serrata Aerial Extract),Hypromellose (Plant Cellulose & Water),Inositol,Iron (as Ferrous Fumarate),L-Glutamine,Lipase,Magnesium (as Magnesium Oxide),Manganese (as Manganese Amino Acid Chelate),Molybdenum (as Sodium Molybdate),N-Acetyl-L-Tyrosine,Olive Powder (Leaf),Phosphatidyl Serine,Potassium (as Potassium Citrate),Protease (Aspergillus oryzae),Selenium (as Selenium Amino Acid Chelate),Vanadyl Sulfate,Vitamin A (as Retinyl Acetate),Vitamin B1 (Thiamine),Vitamin B2 (Riboflavin),Vitamin B3 (Niacin),Vitamin B5 (Pantothenic Acid),Vitamin B6 (Pyridoxine),Vitamin B7 (Biotin),Vitamin B9 (Folate as folic acid),Vitamin C,Vitamin D3 (as Cholicalciferol),Vitamin E (as DL-Tocopherol),Zinc (as Zinc Bisglycinate Chelate),Zinc (as Zinc Oxide)
Calm,5-Hydroxytryptophan (Griffona Seed),"Calm Blend: (Chamomile Flower (Matricaria chamomilla), Passionflower (Passiflora incarnata), Lemon Balm Aerial 4:1 (Melissa officinalis), Hops Flower Extract 4:1 (Humulus lupulus))",Copper (as Copper Bisglycinate Chelate),Hypromellose (Plant Cellulose & Water),L-Tryptophan,Magnesium (as Magnesium Aspartate),Manganese (as Manganese Bisglycinate Chelate),MCT Oil Powder,Microcrystalline Cellulose,Plant-Based Magnesium Stearate,"Whole Food Culture Blend: (Vegetarian Yeast, Pea Protein Isolate.) Fruit & Veggies: (Wild Blueberry, Apple, Raspberry, Strawberry, Oat Bran, Silica, Bilberry, Blackberry, Carrot, Tart Cherry, Cranberry, Red Grape, Orange Peel, Red Pepper, Cinnamin, Beet, Black Currant, Broccoli, Cucumber, Pomegranate, Okra, Wild Yam.) Probiotics: (Lactobacillus acidophilus DDS-1™, Lactobacillus bulgaricus, Bifidobacterium bifidium, Lactobacillus salivarius, Lactococcus lactis, Streptococcus thermophilus, Bifidobacterium lactis.) Enzymes: (Amylase, Proteases, Peptidizyme SP, Lipase, Invertase, Maltase, Cellulase, Lactase, Phytase.)",Rice Flour,Zinc (as Zinc Bisglycinate Chelate),,,,,,,,,,,,,,,,,,,,,,,,,,,,,,,,
Chemzyme,Hypromellose (Plant Cellulose & Water),Magnesium Stearate,MCT Oil Powder,Phytase (Aspergillus niger),"Proprientary Chemzyme Blend: Phthalazyme (Lactic Acid Bacteria), Peptidase (Aspergillus Oryzae), Lactase (Syn. Beta Galactosidase and Aspergillus Oryzae), Turmeric Root",,,,,,,,,,,,,,,,,,,,,,,,,,,,,,,,,,,,,,,,
Chronic,Chondroitin Sulfate (Bovine Powder),Copper (as Copper Bisglycinate Chelate),Gelatin,Glucosamine HCL,Glucosamine Sulfate Potassium 2KCL,Manganese (as Manganese Bisglycinate Chelate),Methyl-Sufonyl-Methane (MSM),Molasses,"Opti-Blend ™ Delivery System (Amylase, Protease, Serratia Peptidase, Lipase, Invertase, Cellulase, Lactase, Maltase, Phytase)",Plant-Based Magnesium Stearate,Rice Flour,Rice Hull Concentrate,Silicon Dioxide,Yucca Root (Yucca shindigera),Zinc (as Zinc Bisglycinate Chelate),,,,,,,,,,,,,,,,,,,,,,,,,,,,,,
CNP,"CNP formula (Brown Rice Protein, Bananna, Appla Fiber, Carrot Fiber, Amaranth, Millet, Quinoa, Buckwheat, Flaxseed, Vanilla Flavor, Spinach, Blueberry Fiber, Cranberry Fiber, Mango, Pineapple, Stevia Extract, Chia, Carrot, Green Coffee Bean Extract, Green Tea Extrat, Broccoli Sprout, Onion Extract, Apple Extract, Maltodextrin, Quercetin Extract, Silica, Tomato, Brocolli, Camu Camu Juice Extract, Acerola Juice Concentrate, Acai, Basil, Garlic, Oregano, Turmeric, Cinnamon, Elderberry, Mangosteen, Black Currant Extract, Blueberry Extract, Sweet Cherry, Raspberry, Chokeberry, Blackberry, Kale, Beet Juice, Daikon Radish Sprout, Alfalfa Sprout, Sunflower Lecithin, Bilberry Extract, Bussels Sprout)",,,,,,,,,,,,,,,,,,,,,,,,,,,,,,,,,,,,,,,,,,,,
Complete Vanilla,Calcium (as Calcium Amino Acid Chelate),Calcium (as Dicalcium Malate),Canola Oil Powder,Chromium (as amino acid chelate),Copper (as Copper Amino Acid Chelate),Dextrose,"Enzyme Blend: Amylase, Protease, Peptidase, Lipase, Invertase, Cellulase, Lactase, Maltase",Iodine (as Potassium Iodide),Magnesium (Amino Acid Chelate),Magnesium (as Magnesium Glycinate Glutamine Chelate),Magnesium (as Magnesium Oxide),Manganese (as Manganese Amino Acid Chelate),MCT Oil Powder,Molybdenum (as Molybdenum Amino Acid Chelate),Monk Fruit Extract,PROTEIN CHOCOLATE: Soy Protein Isolate (18880.5 mg) Whey Protein Isolate (910.01 mg) Milk Protein Isolate (583.34 mg),Selenium (as Selenium Amino Acid Chelate),Sodium Chloride (salt),Sunflower Oil Powder,Vanilla Natural and artificial Flavors (Proprietary formula),Vitamin A (as Beta Carotene),Vitamin B1 (Thiamine),Vitamin B12 (Methylcobalamin),Vitamin B2 (Riboflavin),Vitamin B3 (Niacin),Vitamin B5 (Pantothenic Acid),Vitamin B6 (Pyridoxine),Vitamin B7 (Biotin),Vitamin B9 (Folate as folic acid),Vitamin C,Vitamin D3 (as Cholicalciferol),Vitamin E (as Tocopherol Acetate),Vitamin K1 (as Phytonadione),White Chocolate,Xylitol,Zinc (as Zinc Amino Acid Chelate),,,,,,,,,
Complete Chocolate,Calcium (as Calcium Amino Acid Chelate),Calcium (as Dicalcium Malate),Canola Oil Powder,Chocolate Natural and Artificial Flavors (Proprietary Formula),Chromium (as amino acid chelate),Copper (as Copper Amino Acid Chelate),Dextrose,Dutch Cocoa,"Enzyme Blend: Amylase, Protease, Peptidase, Lipase, Invertase, Cellulase, Lactase, Maltase",Iodine (as Potassium Iodide),Magnesium (Amino Acid Chelate),Magnesium (as Magnesium Glycinate Glutamine Chelate),Magnesium (as Magnesium Oxide),Manganese (as Manganese Amino Acid Chelate),MCT Oil Powder,Molybdenum (as Molybdenum Amino Acid Chelate),Monk Fruit Extract,PROTEIN VANILLA: Soy Protein Isolate (18020.67 mg) Whey Protein Isolate (910.01 mg) Milk Protein Isolate (583.34 mg),Selenium (as Selenium Amino Acid Chelate),Sodium Chloride (salt),Sunflower Oil Powder,Vitamin A (as Beta Carotene),Vitamin B1 (Thiamine),Vitamin B12 (Methylcobalamin),Vitamin B2 (Riboflavin),Vitamin B3 (Niacin),Vitamin B5 (Pantothenic Acid),Vitamin B6 (Pyridoxine),Vitamin B7 (Biotin),Vitamin B9 (Folate as folic acid),Vitamin C,Vitamin D3 (as Cholicalciferol),Vitamin E (as Tocopherol Acetate),Vitamin K1 (as Phytonadione),White Chocolate,Xylitol,Zinc (as Zinc Amino Acid Chelate),,,,,,,,
Control,Alpha Lipoic acid,Amylase (Aspergillus Oryzae),Berberine HCl,Bladderwrack Powder,Cellulose,Chondroitin Sulfate (Bovine Powder),Gelatin,Plant-Based Magnesium Stearate,Protease (Aspergillus oryzae),Rice Flour,Soy Genestein,,,,,,,,,,,,,,,,,,,,,,,,,,,,,,,,,,
Cort Adrena,Acerola Cherry Extract,Ashwaganda Extract,Boron (as Bororganic glycine),Broccoli Extract,Chromium (as Nicotinate Glycinate Chelate),Copper (as Copper Gluconate),Holy Basil (Ocimum tenuiflorum),Hypromellose (Plant Cellulose & Water),L-Tyrosine,Licorice Root DGL,Magnesium (as Magnesium Bisglycinate Chelate buffered),Magnesium (as Magnesium Glycinate Glutamine Chelate),Manganese (as Manganese Bisglycinate Chelate),Molasses,"Opti-Blend ™ Delivery System (Amylase, Protease, Serratia Peptidase, Lipase, Invertase, Cellulase, Lactase, Maltase, Phytase)",Plant-Based Magnesium Stearate,Rhodiola Crenulata,Rice Flour,Rice Hull Concentrate,Selenium (as Selenium Glycinate),Turmeric Root Extract,Vitamin C,Zinc (as Zinc Bisglycinate Chelate),,,,,,,,,,,,,,,,,,,,,,
Crea-Nitric,Creatine Nitrate,Gelatin,Magnesium Stearate,,,,,,,,,,,,,,,,,,,,,,,,,,,,,,,,,,,,,,,,,,
Creatine,Creatine Monohydrate,,,,,,,,,,,,,,,,,,,,,,,,,,,,,,,,,,,,,,,,,,,,
DAK1K2,Algal Oil,Gelatin,Vitamin A (as Retinyl Palmitate),Vitamin D3 (as Cholicalciferol),Vitamin K1 (as Phytonadione),Vitamin K2 (as Menaquinone-7),,,,,,,,,,,,,,,,,,,,,,,,,,,,,,,,,,,,,,,
Defense,Astragalus Root Powder,Beta Glucan,Colostrum (Milk) (10% lgG),Copper (as Copper Bisglycinate Chelate),Echinacea pupurea,Hypromellose (Plant Cellulose & Water),"Immune Complex Blend: (Anise Seed, Elderberry Extract, Green Tea Extract, Maitake Mushroom, Olive leaf Extract, Oregano Leaf, Shitake Mushroom,Tumeric Root, Licorice DGL, Lemon Balm Extract)",Magnesium (as Magnesium Glycinate Glutamine),Manganese (as Manganese Bisglycinate Chelate),Molasses,"Opti-Blend ™ Delivery System (Amylase, Protease, Serratia Peptidase, Lipase, Invertase, Cellulase, Lactase, Maltase, Phytase)",Plant-Based Magnesium Stearate,"Proprietary Probiotic Blend: (Lacobacillus acidophilus DDS-1, Lactobacillus bulgaricus, Bifidobacterium bifidium, Lactobacillus salivarius, Lactobacillus lactis, Streptococcus thermophilus, Bifidobacterium lactis)",Rice Flour,Rice Hull Concentrate,Zinc (as Zinc Bisglycinate Chelate),,,,,,,,,,,,,,,,,,,,,,,,,,,,,
Digestion,"Aloe Vera Leaf (naturally containing Copper, Zinc, Manganese)",Amylase (Aspergillus Oryzae),Hypromellose (Plant Cellulose & Water),Invertase (Saccharomyces cerevisiae),Malt Diastase (Aspergillus Oryzae),Plant-Based Magnesium Stearate,"Proprietary Plant Enzyme Blend: (SEBpro DPPIV Proteases, Amylases, Lactase, Alpha-Galactosidase, Bromelain, Papain, Lipase, Cellulase, Corn Maltodextrin)","Proprietary Probiotic Blend: (Lacobacillus acidophilus DDS-1, Lactobacillus bulgaricus, Bifidobacterium bifidium, Lactobacillus salivarius, Lactobacillus lactis, Streptococcus thermophilus, Bifidobacterium lactis)",Rice Flour,Rice Hull Concentrate,,,,,,,,,,,,,,,,,,,,,,,,,,,,,,,,,,,
D-Ribose,D-Ribose,,,,,,,,,,,,,,,,,,,,,,,,,,,,,,,,,,,,,,,,,,,,
EFA,"Stabilized Fatty Acid Blend (Flaxseed oil, Borage oil, and Algae oil)",Vitamin E (as D-Alpha Tocopherol),,,,,,,,,,,,,,,,,,,,,,,,,,,,,,,,,,,,,,,,,,,
FatSugarTrim,Chromium (as Nicotinate Glycinate Chelate),Copper (as Copper Bisglycinate Chelate),Garlic Bulb,Hypromellose (Plant Cellulose & Water),Lipase,Manganese (as Manganese Amino Acid Chelate),Molasses,"Opti-Blend ™ Delivery System (Amylase, Protease, Serratia Peptidase, Lipase, Invertase, Cellulase, Lactase, Maltase, Phytase)",Plant-Based Magnesium Stearate,"Proprietary Blend FST (Garcinia Cambogia, Cinnamon verum, Rasberry keytones, Rhodiola Crenulata, Konjac Root)",Rice Flour,Rice Hull Concentrate,Selenium (as Selenium Glycinate),Turmeric Root,Zinc (as Zinc Bisglycinate Chelate),,,,,,,,,,,,,,,,,,,,,,,,,,,,,,
Female+B,Chaste Tree Berry,Copper (as Copper Bisglycinate Chelate),Damiona Leaf,Dong Quai Powder,Eleuthero (Siberian Ginseng) Root,Kelp Powder,Licorice Root Extract,Manganese (as Manganese Amino Acid Chelate),Molasses,"Opti-Blend ™ Delivery System (Amylase, Protease, Serratia Peptidase, Lipase, Invertase, Cellulase, Lactase, Maltase, Phytase)","Whole Food Culture Blend: (Vegetarian Yeast, Pea Protein Isolate.) Fruit & Veggies: (Wild Blueberry, Apple, Raspberry, Strawberry, Oat Bran, Silica, Bilberry, Blackberry, Carrot, Tart Cherry, Cranberry, Red Grape, Orange Peel, Red Pepper, Cinnamin, Beet, Black Currant, Broccoli, Cucumber, Pomegranate, Okra, Wild Yam.) Probiotics: (Lactobacillus acidophilus DDS-1™, Lactobacillus bulgaricus, Bifidobacterium bifidium, Lactobacillus salivarius, Lactococcus lactis, Streptococcus thermophilus, Bifidobacterium lactis.) Enzymes: (Amylase, Proteases, Peptidizyme SP, Lipase, Invertase, Maltase, Cellulase, Lactase, Phytase.)",Sasparilla Root,Vitamin B1 (Thiamine),Vitamin B12 (Methylcobalamin),Vitamin B2 (Riboflavin),Vitamin B3 (Niacin),Vitamin B5 (Pantothenic Acid),Vitamin B6 (Pyridoxine),Vitamin B7 (Biotin),Vitamin B9 (Folate as folic acid),Wild Yam Root,Zinc (as Zinc Bisglycinate Chelate),,,,,,,,,,,,,,,,,,,,,,,
Opti-Female,Chaste Tree Berry,Damiona Leaf,Dong Quai Powder,Eleuthero (Siberian Ginseng) Root,"Fruit and Veggie Blend Future Ceuticals: Fruits: Banana, Pineapple, Strawberry, Apple Extract, Camu Camu Juice Concentrate, Raspberry, Acerola Juice Concentrate, Noni, Acai, Wild Blueberry, Cranberry, Blackberry, Acai Juice, Tart Cherry, Pomegranate, Elderberry, Mangosteen, Blueberry Extract, Black Currant Extract, Sweet Cherry, Aronia, Blackberry, Watermelon Juice Concentrate, Bilberry Extract. Vegetables/Herbs: Cauliflower, Stevia Extract, Green Coffee Bean Extract, Green Tea Extract, Brocolli Sprout, Onion Extract, Quercitin Extract, Carrot, Tomato, Brocolli, Turmeric, Garlic, Basil, Oregeno, Cinnamon, Spinach, Kale, Bussels Sprouts. Flavoring: Natural Pineapple Flavor, Natural Banana Flavor, Artificial Watermelon Flavor. Other: Silica, Maltodextrin, Citric Acid, Xylitol, Tricalcium Phosphate, Corn Starch, Red Food Color",Kelp Powder,Licorice Root Extract,Ovary Powder,Pea Protein Isolate (85%),Pregnenolone,Probiotic Blend,Red Raspberry Leaf,Red Yeast,Sasparilla Root,Uterus Powder (Bovine),Vegetable Enzyme Blend,Vitamin B1 (Thiamine),Vitamin B2 (Riboflavin),Vitamin B3 (Niacin),Vitamin B5 (Pantothenic Acid),Vitamin B6 (Pyridoxine),Vitamin B7 (Biotin),Vitamin B9 (Folate as folic acid),Wild Yam Root,,,,,,,,,,,,,,,,,,,,,
Fiber GLP-1,Fuctooligosaccharide,,,,,,,,,,,,,,,,,,,,,,,,,,,,,,,,,,,,,,,,,,,,
Flora,Copper (as Copper Gluconate),Fructooligosaccharides (from Jerusalem Artichoke),Hypromellose (Plant Cellulose & Water),Manganese (as Manganese Bisglycinate Chelate),Molasses,"Opti-Blend ™ Delivery System (Amylase, Protease, Serratia Peptidase, Lipase, Invertase, Cellulase, Lactase, Maltase, Phytase)",Plant-Based Magnesium Stearate,"Proprietary Probiotic Blend: (Lacobacillus acidophilus DDS-1, Lactobacillus bulgaricus, Bifidobacterium bifidium, Lactobacillus salivarius, Lactobacillus lactis, Streptococcus thermophilus, Bifidobacterium lactis)",Rice Flour,Rice Hull Concentrate,Zinc (as Zinc Bisglycinate Chelate),,,,,,,,,,,,,,,,,,,,,,,,,,,,,,,,,,
Fruit & Veggie,"Fruit and Veggie Blend Future Ceuticals: Fruits: Banana, Pineapple, Strawberry, Apple Extract, Camu Camu Juice Concentrate, Raspberry, Acerola Juice Concentrate, Noni, Acai, Wild Blueberry, Cranberry, Blackberry, Acai Juice, Tart Cherry, Pomegranate, Elderberry, Mangosteen, Blueberry Extract, Black Currant Extract, Sweet Cherry, Aronia, Blackberry, Watermelon Juice Concentrate, Bilberry Extract. Vegetables/Herbs: Cauliflower, Stevia Extract, Green Coffee Bean Extract, Green Tea Extract, Brocolli Sprout, Onion Extract, Quercitin Extract, Carrot, Tomato, Brocolli, Turmeric, Garlic, Basil, Oregeno, Cinnamon, Spinach, Kale, Bussels Sprouts. Flavoring: Natural Pineapple Flavor, Natural Banana Flavor, Artificial Watermelon Flavor. Other: Silica, Maltodextrin, Citric Acid, Xylitol, Tricalcium Phosphate, Corn Starch, Red Food Color",,,,,,,,,,,,,,,,,,,,,,,,,,,,,,,,,,,,,,,,,,,,
Fulvic Mineral,Fulvic Ionic Mineral Complex,Monk Fruit,Natural Lemon-Lime Flavor,Water,,,,,,,,,,,,,,,,,,,,,,,,,,,,,,,,,,,,,,,,,
GI,Colostrum (Milk) (10% lgG),Copper,Hypromellose (Plant Cellulose & Water),Magnesium (as Magnesium Glycinate Glutamine),Molasses,"Opti-Blend ™ Delivery System (Amylase, Protease, Serratia Peptidase, Lipase, Invertase, Cellulase, Lactase, Maltase, Phytase)","Opti-Cleanse Blend (Psyllium Husk, Licorice Root, Ginko Biloba, Apple Pectin, Grapefruit Pectin, Chlorella)",Plant-Based Magnesium Stearate,"Whole Food Culture Blend: (Vegetarian Yeast, Pea Protein Isolate.) Fruit & Veggies: (Wild Blueberry, Apple, Raspberry, Strawberry, Oat Bran, Silica, Bilberry, Blackberry, Carrot, Tart Cherry, Cranberry, Red Grape, Orange Peel, Red Pepper, Cinnamin, Beet, Black Currant, Broccoli, Cucumber, Pomegranate, Okra, Wild Yam.) Probiotics: (Lactobacillus acidophilus DDS-1™, Lactobacillus bulgaricus, Bifidobacterium bifidium, Lactobacillus salivarius, Lactococcus lactis, Streptococcus thermophilus, Bifidobacterium lactis.) Enzymes: (Amylase, Proteases, Peptidizyme SP, Lipase, Invertase, Maltase, Cellulase, Lactase, Phytase.)",Rice Flour,Rice Hull Concentrate,Zinc (as Zinc Bisglycinate Chelate),,,,,,,,,,,,,,,,,,,,,,,,,,,,,,,,,
Glandular,Gelatin,"Glandular/ENZYME Blend: Bovine Spleen, Bovine Adrenal, Bovine Thymus, Bovine Pituitary, and Enzyme Blend",Magnesium Stearate,Rice Flour,,,,,,,,,,,,,,,,,,,,,,,,,,,,,,,,,,,,,,,,,
Glutathione,Anhyrdrous Citric Acid,Color,Glutathione,Inulin,Magnesium (as Magnesium Glycinate),Natural Orange Flavor,Other Exipients,Potassium (as Potassium Citrate),Sodium (as Pink Sea Salt),Sodium Bicarbonate,Stevia,Vitamin C,,,,,,,,,,,,,,,,,,,,,,,,,,,,,,,,,
Heart,Cellulose,CoQ10 Ubiquinol,"Glandular/ENZYME Blend: Bovine Spleen, Bovine Adrenal, Bovine Thymus, Bovine Pituitary, and Enzyme Blend",Hawthorn Extract (Crataegus Oxyacantha) (Leaf and flower) 1.8% Vitexin,Heart (from bovine) (Argentina),L-Arginine,L-Carnitine Fumarate,Magnesium (as Magnesium Citrate),Magnesium Stearate,Potassium (as Glycinate Complex),Rice Flour,Silicon Dioxide,Taurine,Vegetable Capsule,Vitamin B9 (Folate as folic acid),Vitamin C,Vitamin E (as D-Alpha Tocopherol),,,,,,,,,,,,,,,,,,,,,,,,,,,,
Iodine,Hypromellose (Plant Cellulose & Water),Iodine (as Potassium Iodide),Kelp Powder,Molybdenum (as Molybdenum Glycinate Chelate),"Opti-Blend ™ Delivery System (Amylase, Protease, Serratia Peptidase, Lipase, Invertase, Cellulase, Lactase, Maltase, Phytase)",Plant-Based Magnesium Stearate,"Whole Food Culture Blend: (Vegetarian Yeast, Pea Protein Isolate.) Fruit & Veggies: (Wild Blueberry, Apple, Raspberry, Strawberry, Oat Bran, Silica, Bilberry, Blackberry, Carrot, Tart Cherry, Cranberry, Red Grape, Orange Peel, Red Pepper, Cinnamin, Beet, Black Currant, Broccoli, Cucumber, Pomegranate, Okra, Wild Yam.) Probiotics: (Lactobacillus acidophilus DDS-1™, Lactobacillus bulgaricus, Bifidobacterium bifidium, Lactobacillus salivarius, Lactococcus lactis, Streptococcus thermophilus, Bifidobacterium lactis.) Enzymes: (Amylase, Proteases, Peptidizyme SP, Lipase, Invertase, Maltase, Cellulase, Lactase, Phytase.)",Rice Flour,Rice Hull Concentrate,Selenium (as Selenium Glycinate),,,,,,,,,,,,,,,,,,,,,,,,,,,,,,,,,,,
Immune,Astragalus Root Powder,Beta Glucan,Calcium (as Calcium Bisglycinate Chelate),Gelatin,Lymph Powder (from Bovine),Magnesium (as Magnesium Bisglycinate),Magnesium Stearate,Manganese (as Manganese Bisglycinate),Microcrystalline Cellulose,"Opti-Blend ™ Delivery System (Amylase, Protease, Serratia Peptidase, Lipase, Invertase, Cellulase, Lactase, Maltase, Phytase)",Parotid Powder (from Bovine),Pomegranate Extract,Silicon,Spleen Powder (from Bovine),Thymus Powder (from Bovine),Vitamin A (as Retinyl Palmitate),Vitamin B6 (Pyridoxine),Vitamin C,Vitamin D3 (as Cholicalciferol),"VRL Blend (Lycopene, Polyphenols with 80% catechins and 45% EGCG, Brocolli Extract 5% Glucoraphin)",Zinc (as Zinc Bisglycinate),,,,,,,,,,,,,,,,,,,,,,,,
Iron,Acerola Cherry Powder,Carrot Powder,Copper (as Copper Gluconate),Hypromellose (Plant Cellulose & Water),Manganese (as Manganese Bisglycinate Chelate),Molasses,"Opti-Blend ™ Delivery System (Amylase, Protease, Serratia Peptidase, Lipase, Invertase, Cellulase, Lactase, Maltase, Phytase)",Plant-Based Magnesium Stearate,Rice Flour,Rice Hull Concentrate,Vitamin B12 (Methylcobalamin),Vitamin B9 (as L-5-Methyltertrahydrofolate),Yeast (Saccharomyces cerevisae),Zinc (as Zinc Bisglycinate Chelate),,,,,,,,,,,,,,,,,,,,,,,,,,,,,,,
L-Carnitine,Acetyl L-Carnitine,,,,,,,,,,,,,,,,,,,,,,,,,,,,,,,,,,,,,,,,,,,,
Lean Clean B-Day Cake,Calcium,Chloride,Collogen Peptides,"DigeSEB (Digestive Enzyme Blend): Amylases, Lactase, Proteases, Lipase, Cellulase.",Grassfed Whey Protein Isolate,Iron,Monk Fruit Extract,Natural Flavors,Potassium,Sodium,Sodium Chloride (salt),Stevia,Sunflower Lecitthin,Xanthan Gum,,,,,,,,,,,,,,,,,,,,,,,,,,,,,,,
Lean Clean Lava Cake,Calcium,Chloride,Cocoa Powder,Collogen Peptides,"DigeSEB (Digestive Enzyme Blend): Amylases, Lactase, Proteases, Lipase, Cellulase.",Grassfed Whey Protein Isolate,Iron,Monk Fruit Extract,Natural Flavors,Potassium,Sodium,Sodium Chloride (salt),Stevia,Sunflower Lecitthin,Xanthan Gum,,,,,,,,,,,,,,,,,,,,,,,,,,,,,,
Lightning Gummies,Chromium,Manganese,Selenium,Vitamin A,Vitamin B1 (Thiamine),Vitamin B12 (Methylcobalamin),Vitamin B2 (Riboflavin),Vitamin B3 (Niacin),Vitamin B5 (Pantothenic Acid),Vitamin B6 (Pyridoxine),Vitamin B7 (Biotin),Vitamin B9 (Folate as folic acid),Vitamin C,Vitamin D3 (as Cholicalciferol),Vitamin E,Vitamin K,Zinc,,,,,,,,,,,,,,,,,,,,,,,,,,,,
Lipolean CLA,CLA from Safflower oil (Carthamus Tincorius),,,,,,,,,,,,,,,,,,,,,,,,,,,,,,,,,,,,,,,,,,,,
Liver Kidney,Barberry (root),Copper (as Copper Bisglycinate Chelate),Dandelion (root),Hypromellose (Plant Cellulose & Water),Lipase,Manganese (as Manganese Bisglycinate Chelate),Milk Thistle (80%),Molasses,"Opti-Blend ™ Delivery System (Amylase, Protease, Serratia Peptidase, Lipase, Invertase, Cellulase, Lactase, Maltase, Phytase)",Plant-Based Magnesium Stearate,Rice Flour,Rice Hull Concentrate,Zinc (as Zinc Bisglycinate Chelate),,,,,,,,,,,,,,,,,,,,,,,,,,,,,,,,
Longevi-D,Acerola Cherry Extract,CoQ10 Ubiquinol,Hypromellose (Plant Cellulose & Water),"Whole Food Culture Blend: (Vegetarian Yeast, Pea Protein Isolate.) Fruit & Veggies: (Wild Blueberry, Apple, Raspberry, Strawberry, Oat Bran, Silica, Bilberry, Blackberry, Carrot, Tart Cherry, Cranberry, Red Grape, Orange Peel, Red Pepper, Cinnamin, Beet, Black Currant, Broccoli, Cucumber, Pomegranate, Okra, Wild Yam.) Probiotics: (Lactobacillus acidophilus DDS-1™, Lactobacillus bulgaricus, Bifidobacterium bifidium, Lactobacillus salivarius, Lactococcus lactis, Streptococcus thermophilus, Bifidobacterium lactis.) Enzymes: (Amylase, Proteases, Peptidizyme SP, Lipase, Invertase, Maltase, Cellulase, Lactase, Phytase.)",Rice Flour,Rice Hull Concentrate,Vitamin B3 (Niacin),Vitamin B5 (Pantothenic Acid),Vitamin B6 (Pyridoxine),Vitamin B9 (Folate as folic acid),Vitamin D3 (as Cholicalciferol),Vitamin K2 (as Menaquinone-7),,,,,,,,,,,,,,,,,,,,,,,,,,,,,,,,,
Lung,Black Cohosh Root,Calcium (as Calcium Citrate),Ginger Root,Ginseng,"Glandular/ENZYME Blend: Bovine Spleen, Bovine Adrenal, Bovine Thymus, Bovine Pituitary, and Enzyme Blend",Glycine,Iodine (from kelp),L-Cysteine HCL Monohydrate,L-Tyrosine,Lotus Leaf,Lung (From Bovine),Magnesium (as Magnesium Glycinate Chelate),Magnesium Stearate,Manganese (as Manganese Bisglycinate Chelate),Pleurisy Seed Extract,Quercetin Extract,Rice Flour,Rutin,Uva Ursi Leaves,Vegetable Capsule,Vitamin A (as Beta Carotene),Vitamin B6 (as Pyridoxal 5 phosphate),Vitamin B6 (Pyridoxine),Yellow Dock Root,,,,,,,,,,,,,,,,,,,,,
Magnesium,Hypromellose (Plant Cellulose & Water),Magnesium (as Magnesium Glycinate),Plant-Based Magnesium Stearate,,,,,,,,,,,,,,,,,,,,,,,,,,,,,,,,,,,,,,,,,,
Methyl-B,Choline (as Choline Bitartrate),Hypromellose (Plant Cellulose & Water),Molasses,"Opti-Blend ™ Delivery System (Amylase, Protease, Serratia Peptidase, Lipase, Invertase, Cellulase, Lactase, Maltase, Phytase)",Plant-Based Magnesium Stearate,"Whole Food Culture Blend: (Vegetarian Yeast, Pea Protein Isolate.) Fruit & Veggies: (Wild Blueberry, Apple, Raspberry, Strawberry, Oat Bran, Silica, Bilberry, Blackberry, Carrot, Tart Cherry, Cranberry, Red Grape, Orange Peel, Red Pepper, Cinnamin, Beet, Black Currant, Broccoli, Cucumber, Pomegranate, Okra, Wild Yam.) Probiotics: (Lactobacillus acidophilus DDS-1™, Lactobacillus bulgaricus, Bifidobacterium bifidium, Lactobacillus salivarius, Lactococcus lactis, Streptococcus thermophilus, Bifidobacterium lactis.) Enzymes: (Amylase, Proteases, Peptidizyme SP, Lipase, Invertase, Maltase, Cellulase, Lactase, Phytase.)",Rice Flour,Rice Hull Concentrate,Vitamin B1 (Thiamine),Vitamin B12 (Methylcobalamin),Vitamin B2 (Riboflavin),Vitamin B3 (Niacin),Vitamin B5 (Pantothenic Acid),Vitamin B6 (Pyridoxine),Vitamin B7 (Biotin),Vitamin B9 (Folate as folic acid),,,,,,,,,,,,,,,,,,,,,,,,,,,,,
Mito-Force,Acerola Cherry Extract,Alpha Lipoic acid,Catalase,Copper,Grape Extract (Seed),Grape Extract (Skin),Hypromellose (Plant Cellulose & Water),L-Carnitine Base,Molasses,"Opti-Blend ™ Delivery System (Amylase, Protease, Serratia Peptidase, Lipase, Invertase, Cellulase, Lactase, Maltase, Phytase)",Pine Bark Extract,Plant-Based Magnesium Stearate,"Whole Food Culture Blend: (Vegetarian Yeast, Pea Protein Isolate.) Fruit & Veggies: (Wild Blueberry, Apple, Raspberry, Strawberry, Oat Bran, Silica, Bilberry, Blackberry, Carrot, Tart Cherry, Cranberry, Red Grape, Orange Peel, Red Pepper, Cinnamin, Beet, Black Currant, Broccoli, Cucumber, Pomegranate, Okra, Wild Yam.) Probiotics: (Lactobacillus acidophilus DDS-1™, Lactobacillus bulgaricus, Bifidobacterium bifidium, Lactobacillus salivarius, Lactococcus lactis, Streptococcus thermophilus, Bifidobacterium lactis.) Enzymes: (Amylase, Proteases, Peptidizyme SP, Lipase, Invertase, Maltase, Cellulase, Lactase, Phytase.)",Pyrroloquinoline (Quinone),Rice Flour,Rice Hull Concentrate,Selenium (as Selenium Glycinate Chelate),Turmeric Root Extract,Vitamin A (as Beta Carotene),Vitamin A (as Retinyl Palmitate),Vitamin B1 (Thiamine),Vitamin B2 (Riboflavin),Vitamin B3 (Niacin),Vitamin B9 (Folate as folic acid),Vitamin C,Vitamin E (as D-Alpha Tocopherol),Vitamin E (as DL-Alpha Acetate),Zinc (as Zinc Bisglycinate Chelate),,,,,,,,,,,,,,,,,
Muscle Rx,"Branch Chain Amino Acids (from Leucine, Isoleucine, Valine)",Calcium (as Calcium Bisglycinate Chelate),Chromium (as Chromium Polynicotinate and Chromium Nicotinate Glycinate Chelate),Creatine MagnaPower 8%,Creatine Monohydrate,Hypromellose (Plant Cellulose & Water),"Magnesium (as Creatine MagnaPower, Magnesium Glycinate Glutamine Chelate, Magnesium Glycinate Chelate Buffered)",Magnesium (as Magnesium Glycinate Glutamine Chelate),Plant-Based Magnesium Stearate,"Whole Food Culture Blend: (Vegetarian Yeast, Pea Protein Isolate.) Fruit & Veggies: (Wild Blueberry, Apple, Raspberry, Strawberry, Oat Bran, Silica, Bilberry, Blackberry, Carrot, Tart Cherry, Cranberry, Red Grape, Orange Peel, Red Pepper, Cinnamin, Beet, Black Currant, Broccoli, Cucumber, Pomegranate, Okra, Wild Yam.) Probiotics: (Lactobacillus acidophilus DDS-1™, Lactobacillus bulgaricus, Bifidobacterium bifidium, Lactobacillus salivarius, Lactococcus lactis, Streptococcus thermophilus, Bifidobacterium lactis.) Enzymes: (Amylase, Proteases, Peptidizyme SP, Lipase, Invertase, Maltase, Cellulase, Lactase, Phytase.)",Rice Flour,Rice Hull Concentrate,,,,,,,,,,,,,,,,,,,,,,,,,,,,,,,,,
MagnaStem,"Fruit & Veggie Blend Summit: (Wild Blueberry, Apple, Raspberry, Strawberry, Oat Bran, Silica, Bilberry, Blackberry, Carrot, Tart Cherry, Cranberry, Red Grape, Orange Peel, Red Pepper, Cinnamin, Beet, Black Currant, Broccoli, Cucumber, Pomegranate, Okra, Wild Yam.)",Hypromellose (Plant Cellulose & Water),Inositol,Kelp Powder,Molasses,"Opti-Blend ™ Delivery System (Amylase, Protease, Serratia Peptidase, Lipase, Invertase, Cellulase, Lactase, Maltase, Phytase)",Plant-Based Magnesium Stearate,"Whole Food Culture Blend: (Vegetarian Yeast, Pea Protein Isolate.) Fruit & Veggies: (Wild Blueberry, Apple, Raspberry, Strawberry, Oat Bran, Silica, Bilberry, Blackberry, Carrot, Tart Cherry, Cranberry, Red Grape, Orange Peel, Red Pepper, Cinnamin, Beet, Black Currant, Broccoli, Cucumber, Pomegranate, Okra, Wild Yam.) Probiotics: (Lactobacillus acidophilus DDS-1™, Lactobacillus bulgaricus, Bifidobacterium bifidium, Lactobacillus salivarius, Lactococcus lactis, Streptococcus thermophilus, Bifidobacterium lactis.) Enzymes: (Amylase, Proteases, Peptidizyme SP, Lipase, Invertase, Maltase, Cellulase, Lactase, Phytase.)",Quercetin Extract,Rice Flour,Rice Hull Concentrate,Shiitake Mushroom,Turmeric Root Extract,Vitamin D3 (as Cholicalciferol),,,,,,,,,,,,,,,,,,,,,,,,,,,,,,,
NADH+DIM,D-Ribose,Diindolylmethane,NADH (reduced Nicotinamide Adenine Dinucleotide),Plant-Based Magnesium Stearate,Vegetable Capsule,,,,,,,,,,,,,,,,,,,,,,,,,,,,,,,,,,,,,,,,
Opti Nitric,Calcium (as Calcium Citrate),L-Arginine,L-Arginine AKG,L-Citruelline HCL,L-Citruelline Malate,L-Ornithine,Plant-Based Magnesium Stearate,Rice Flour,Vitamin B3 (Niacin),,,,,,,,,,,,,,,,,,,,,,,,,,,,,,,,,,,,
Oxy-Burn,Caffeine Anhydrous,Color (FD&C Red #40),Gelatin,Glucomannan 95% (amorphophallus konjac) (root),Kola Nut Extract 5% (Cola acuminata) Seed,L-Carnitine Base,Magnesium Stearate,Phenylthylamine,Rice Flour,Silicon Dioxide,"Thermogenesis Blend: Green Tea Leaf Extract, Raspberry Ketone, Yohimbe Bark Powder",Titanium Dioxide,,,,,,,,,,,,,,,,,,,,,,,,,,,,,,,,,
Para,"Aloe Vera Leaf (naturally containing Copper, Zinc, Manganese)",Black Walnut Hull,Bromelain,Clove Flower,Garlic Bulb,Grapefruit Extract,Hypromellose (Plant Cellulose & Water),Molasses,"Opti-Blend ™ Delivery System (Amylase, Protease, Serratia Peptidase, Lipase, Invertase, Cellulase, Lactase, Maltase, Phytase)",Oregeno Leaf,Papain,Passionflower,Plant-Based Magnesium Stearate,Pumpkin Seed,Rice Flour,Rice Hull Concentrate,Wormwood Extract,,,,,,,,,,,,,,,,,,,,,,,,,,,,
P-5-P,Plant-Based Magnesium Stearate,"Whole Food Culture Blend: (Vegetarian Yeast, Pea Protein Isolate.) Fruit & Veggies: (Wild Blueberry, Apple, Raspberry, Strawberry, Oat Bran, Silica, Bilberry, Blackberry, Carrot, Tart Cherry, Cranberry, Red Grape, Orange Peel, Red Pepper, Cinnamin, Beet, Black Currant, Broccoli, Cucumber, Pomegranate, Okra, Wild Yam.) Probiotics: (Lactobacillus acidophilus DDS-1™, Lactobacillus bulgaricus, Bifidobacterium bifidium, Lactobacillus salivarius, Lactococcus lactis, Streptococcus thermophilus, Bifidobacterium lactis.) Enzymes: (Amylase, Proteases, Peptidizyme SP, Lipase, Invertase, Maltase, Cellulase, Lactase, Phytase.)",Rice Flour,Rice Hull Concentrate,Vitamin B6 (Pyridoxine),,,,,,,,,,,,,,,,,,,,,,,,,,,,,,,,,,,,,,,,
Protect,Cellulose,Green Tea Extract (Leaf),Lutein,Luteolin,Lycopene,Microcrystalline Cellulose,Silicon Dioxide,Sulforaphane Glucosinolate,Turmeric Root Extract,Zeaxantin,,,,,,,,,,,,,,,,,,,,,,,,,,,,,,,,,,,
High CFU Probiotic,Cellulose,Fuctooligosaccharide,L-Leucine,Marine Polysaccharide complex,"Proprietary Probiotic Blend High CFU: (Lactobacillus Acidophilus, Bifidobacterium Lactis, Lactobacillus Plantarum, Lactobacillus Paracasei)",Rice Maltodextrin,Vegetable Capsule,,,,,,,,,,,,,,,,,,,,,,,,,,,,,,,,,,,,,,
Resveratrol,Grape Extract (Seed),Hypromellose (Plant Cellulose & Water),MCT Oil Powder,Phytase (Aspergillus niger),Pine Bark Extract,Plant-Based Magnesium Stearate,"Whole Food Culture Blend: (Vegetarian Yeast, Pea Protein Isolate.) Fruit & Veggies: (Wild Blueberry, Apple, Raspberry, Strawberry, Oat Bran, Silica, Bilberry, Blackberry, Carrot, Tart Cherry, Cranberry, Red Grape, Orange Peel, Red Pepper, Cinnamin, Beet, Black Currant, Broccoli, Cucumber, Pomegranate, Okra, Wild Yam.) Probiotics: (Lactobacillus acidophilus DDS-1™, Lactobacillus bulgaricus, Bifidobacterium bifidium, Lactobacillus salivarius, Lactococcus lactis, Streptococcus thermophilus, Bifidobacterium lactis.) Enzymes: (Amylase, Proteases, Peptidizyme SP, Lipase, Invertase, Maltase, Cellulase, Lactase, Phytase.)",Resveratrol Root Extract (japanese Knotweed),Rice Flour,,,,,,,,,,,,,,,,,,,,,,,,,,,,,,,,,,,,
Shrooms,Cordyceps Sinensis powder (Mycelium),Lion's Mane (Fruit),Magnesium Stearate,Microcrystalline Cellulose,"Proprietary Mushroom Blend: Maitake Mushroom Extract (Fruit), Turkey Tail Extract (Fruit), Chaga Mushroom Extract (Fruit), Royal Sun Agaricus Extract (Fruit), White Button Mushroom Extract (Fruit), Black Fungus Extract (Fruit)",Reishi Mushrom Extract (Fruit),Shiitake Mushroom Extract,Vegetable Capsule,,,,,,,,,,,,,,,,,,,,,,,,,,,,,,,,,,,,,
Sleep Gummies,Citric acid,Melatonin,Natural Passion Fruit Flavor,Natural Sugars,Passionflower,Pectin,Purple Carrot Juice Concentrate,Vegetable Oil,Vitamin B6 (Pyridoxine),,,,,,,,,,,,,,,,,,,,,,,,,,,,,,,,,,,,
Therapeutic Melatonin,Melatonin,,,,,,,,,,,,,,,,,,,,,,,,,,,,,,,,,,,,,,,,,,,,
Opti-T,Boron (as Bororganic glycine),Copper (as Copper Bisglycinate Chelate),Hypromellose (Plant Cellulose & Water),Manganese (as Manganese Bisglycinate Chelate),Molasses,"Opti-Blend ™ Delivery System (Amylase, Protease, Serratia Peptidase, Lipase, Invertase, Cellulase, Lactase, Maltase, Phytase)",Plant-Based Magnesium Stearate,"Whole Food Culture Blend: (Vegetarian Yeast, Pea Protein Isolate.) Fruit & Veggies: (Wild Blueberry, Apple, Raspberry, Strawberry, Oat Bran, Silica, Bilberry, Blackberry, Carrot, Tart Cherry, Cranberry, Red Grape, Orange Peel, Red Pepper, Cinnamin, Beet, Black Currant, Broccoli, Cucumber, Pomegranate, Okra, Wild Yam.) Probiotics: (Lactobacillus acidophilus DDS-1™, Lactobacillus bulgaricus, Bifidobacterium bifidium, Lactobacillus salivarius, Lactococcus lactis, Streptococcus thermophilus, Bifidobacterium lactis.) Enzymes: (Amylase, Proteases, Peptidizyme SP, Lipase, Invertase, Maltase, Cellulase, Lactase, Phytase.)","Proprietary Testosterone Blend: Tribulus Fruit Extract, L-Arginine HCL, Longjack Root Extract, Pygeum Bark Extract, Saw Palmett Berry)",Rice Flour,Rice Hull Concentrate,Selenium (as Selenium Glycinate),Vitamin B1 (Thiamine),Vitamin B12 (Methylcobalamin),Vitamin B2 (Riboflavin),Vitamin B3 (Niacin),Vitamin B5 (Pantothenic Acid),Vitamin B6 (Pyridoxine),Vitamin B7 (Biotin),Vitamin B9 (Folate as folic acid),Zinc (as Zinc Bisglycinate Chelate),,,,,,,,,,,,,,,,,,,,,,,,
Thyroid,Betaine HCL,Bovine Glandular Powder,Calcium (as Calcium Citrate),Cellulose,Choline (as Choline Bitartrate),"Glandular/ENZYME Blend: Bovine Spleen, Bovine Adrenal, Bovine Thymus, Bovine Pituitary, and Enzyme Blend",Glutamic Acid,Iodine (from kelp),L-Tyrosine,Magnesium Stearate,Manganese (as Manganese Bisglycinate Chelate),Rice Flour,Vegetable Capsule,Vitamin A (as Beta Carotene),Vitamin A (as Retinyl Palmitate),Vitamin B1 (Thiamine),Vitamin B12 (Methylcobalamin),Vitamin B3 (Niacin),Vitamin B6 (Pyridoxine),Vitamin B9 (Folate as folic acid),Vitamin C,Vitamin E (as D-Alpha Tocopherol),Zinc (as Zinc Bisglycinate Chelate),,,,,,,,,,,,,,,,,,,,,,
Ubiquinol,Ascorbyl Palmitate,Caramel,Gelatin,Glycerine,Olive Oil,Soy Lecithin,Titanium Oxide,Ubiquinol (Kaneka Ubiquinol™),Water,,,,,,,,,,,,,,,,,,,,,,,,,,,,,,,,,,,,
Vitamin Mineral,Barley Grass Juice (Hordeum vulgare),Calcium (as Calcium Bisglycinate Chelate),Calcium (as Calcium Carbonate),Calcium (as Calcium Malate),Chromium (as Nicotinate Glycinate Chelate),Copper (as Copper Gluconate),Hypromellose (Plant Cellulose & Water),Iron (as Iron Glycinate Chelate),Kelp Powder,Magnesium (as Magnesium Bisglycinate Chelate buffered),Magnesium (as Magnesium Oxide),Manganese (as Manganese Bisglycinate Chelate),Molasses,Molybdenum (as Molybdenum Glycinate Chelate),"Opti-Blend ™ Delivery System (Amylase, Protease, Serratia Peptidase, Lipase, Invertase, Cellulase, Lactase, Maltase, Phytase)",Peppermint Leaf (Mentha piperita),Plant-Based Magnesium Stearate,Potassium (as Potassium Citrate),"Whole Food Culture Blend: (Vegetarian Yeast, Pea Protein Isolate.) Fruit & Veggies: (Wild Blueberry, Apple, Raspberry, Strawberry, Oat Bran, Silica, Bilberry, Blackberry, Carrot, Tart Cherry, Cranberry, Red Grape, Orange Peel, Red Pepper, Cinnamin, Beet, Black Currant, Broccoli, Cucumber, Pomegranate, Okra, Wild Yam.) Probiotics: (Lactobacillus acidophilus DDS-1™, Lactobacillus bulgaricus, Bifidobacterium bifidium, Lactobacillus salivarius, Lactococcus lactis, Streptococcus thermophilus, Bifidobacterium lactis.) Enzymes: (Amylase, Proteases, Peptidizyme SP, Lipase, Invertase, Maltase, Cellulase, Lactase, Phytase.)",Rice Flour,Rice Hull Concentrate,Selenium (as Selenium Glycinate),Spirulina (Anthrospira plantensis) (Algae),Vitamin A (as Beta Carotene),Vitamin B1 (Thiamine),Vitamin B12 (Methylcobalamin),Vitamin B2 (Riboflavin),Vitamin B3 (Niacin),Vitamin B5 (Pantothenic Acid),Vitamin B6 (Pyridoxine),Vitamin B7 (Biotin),Vitamin B9 (Folate as folic acid),Vitamin C,Vitamin D3 (as Cholicalciferol),Vitamin E (as D-Alpha Tocopherol),Vitamin E (as DL-Tocopherol),Zinc (as Zinc Bisglycinate Chelate),,,,,,,,
Vitamin D3,Cellulose,Magnesium Stearate,Rice Flour,Shiitake Mushroom Extract,Silicon Dioxide,Vegetable Capsule,Vitamin D3 (as Cholicalciferol),,,,,,,,,,,,,,,,,,,,,,,,,,,,,,,,,,,,,,
Whole C,Acerola Cherry Extract,Black Currant Fruit Powder,Citrus Bioflavonoids,Graepfruit (Fruit) Powder,Orange Fruit Powder,Plant-Based Magnesium Stearate,Stearic acid,Vitamin C,,,,,,,,,,,,,,,,,,,,,,,,,,,,,,,,,,,,,
Zinc,Cellulose,Citric acid,Gelatin,Magnesium Stearate,Rice Flour,Silica,Zinc (as Zinc Bisglycinate Chelate),,,,,,,,,,,,,,,,,,,,,,,,,,,,,,,,,,,,,,